,geo,AOT,B1,B11,B12,B2,B3,B4,B5,B6,B7,B8,B8A,B9,MSK_CLASSI_CIRRUS,MSK_CLASSI_OPAQUE,MSK_CLASSI_SNOW_ICE,MSK_CLDPRB,MSK_SNWPRB,QA10,QA20,QA60,SCL,TCI_B,TCI_G,TCI_R,WVP,date,image_id,point_id,timestamp
0,,168,4979,3024,3039,5868,5174,4822,4971,4789,4708,5841,4653,9954,-9999,-9999,-9999,100,0,0,0,1024,9,255,255,255,499,2020-12-05,20201205T103419_20201205T103418_T32UNE,0,1607164560049
1,,204,7273,4119,3079,6796,6216,6123,6225,6011,5866,6066,5778,5715,-9999,-9999,-9999,100,0,0,0,1024,9,255,255,255,743,2020-12-10,20201210T103431_20201210T103426_T32UNE,0,1607596557939
2,,204,7290,4645,4247,6212,5948,6081,6574,6538,6513,5589,6558,9761,-9999,-9999,-9999,100,0,0,0,1024,9,255,255,255,918,2020-12-13,20201213T104441_20201213T104435_T32UNE,0,1607856354940
3,,204,13563,7886,6103,13786,13131,12854,13294,12795,12816,12792,12453,16304,-9999,-9999,-9999,100,0,0,0,1024,9,255,255,255,1552,2020-12-15,20201215T103339_20201215T103337_T32UNE,0,1608028557571
4,,102,457,1523,872,584,662,479,986,1895,2142,2156,2207,2403,-9999,-9999,-9999,1,0,0,0,0,4,60,68,49,1786,2020-12-18,20201218T104349_20201218T104343_T32UNE,0,1608288353517
5,,204,5010,3035,2992,4559,4424,4361,4633,4836,4892,5218,4956,7122,-9999,-9999,-9999,100,0,0,0,1024,9,255,255,255,283,2020-12-20,20201220T103441_20201220T103439_T32UNE,0,1608460560001
6,,164,8503,3489,3365,6935,6430,6316,6724,6839,6850,6938,6836,4365,-9999,-9999,-9999,100,0,0,0,1024,9,255,255,255,-9999,2020-12-23,20201223T104441_20201223T104443_T32UNE,0,1608720356949
7,,102,466,1306,775,560,603,521,1021,1991,2220,2358,2332,2470,-9999,-9999,-9999,2,0,0,0,0,4,58,62,54,815,2020-12-25,20201225T103339_20201225T103341_T32UNE,0,1608892558617
8,,132,6241,3396,2312,6354,5423,5219,5386,5171,5080,5534,4931,5610,-9999,-9999,-9999,100,0,0,0,1024,9,255,255,255,654,2020-12-28,20201228T104349_20201228T104344_T32UNE,0,1609152355635
9,,126,8014,3114,2454,6772,5440,5250,5480,5148,4981,5085,4834,6210,-9999,-9999,-9999,100,0,0,0,1024,9,255,255,255,1082,2020-12-30,20201230T103441_20201230T103436_T32UNE,0,1609324561504
10,,204,4759,2655,2245,4486,4038,4019,4091,4082,4121,4178,4091,3276,-9999,-9999,-9999,100,0,0,0,1024,9,255,255,255,570,2021-01-04,20210104T103329_20210104T103331_T32UNE,0,1609756560231
11,,169,9516,4176,3358,9255,7760,7011,7065,6693,6399,7099,6088,10804,-9999,-9999,-9999,100,0,0,0,1024,9,255,255,255,701,2021-01-07,20210107T104329_20210107T104328_T32UNE,0,1610016356988
12,,204,7314,4230,3488,6770,6151,6078,6267,6042,5903,6089,5882,6530,-9999,-9999,-9999,100,0,0,0,1024,9,255,255,255,670,2021-01-09,20210109T103421_20210109T103431_T32UNE,0,1610188562212
13,,204,9498,5323,3985,9230,8763,8751,8855,8600,8433,8937,8290,9183,-9999,-9999,-9999,100,0,0,0,1024,9,255,255,255,425,2021-01-14,20210114T103309_20210114T103305_T32UNE,0,1610620561133
14,,204,5985,1772,1818,5918,5699,5641,5707,5635,5558,5959,5558,5646,-9999,-9999,-9999,0,75,0,0,1024,11,255,255,255,395,2021-01-19,20210119T103351_20210119T103432_T32UNE,0,1611052562306
15,,204,7318,2633,2538,5803,5301,5248,5731,5937,6041,5948,6054,3762,-9999,-9999,-9999,100,0,0,0,1024,9,255,255,255,-9999,2021-01-24,20210124T103229_20210124T103227_T32UNE,0,1611484561372
16,,204,4325,1564,1644,4045,3904,3953,4113,4125,4109,4423,4139,4963,-9999,-9999,-9999,0,28,0,0,1024,10,255,255,255,318,2021-01-29,20210129T103301_20210129T103300_T32UNE,0,1611916561786
17,,204,6685,1874,1066,6469,6070,6093,6254,6037,6078,6045,5941,6188,-9999,-9999,-9999,0,82,0,0,1024,11,255,255,255,945,2021-02-03,20210203T103139_20210203T103135_T32UNE,0,1612348560949
18,,204,8247,2514,2585,8037,7424,7048,7386,7504,7378,8072,7249,11089,-9999,-9999,-9999,0,17,0,0,1024,8,255,255,255,412,2021-02-08,20210208T103201_20210208T103428_T32UNE,0,1612780560561
19,,114,7145,666,681,8218,7979,8320,8597,8439,8194,8627,7925,7790,-9999,-9999,-9999,0,95,0,0,0,11,255,255,255,505,2021-02-13,20210213T103039_20210213T103035_T32UNE,0,1613212559905
20,,204,4339,2415,2311,3766,3503,3346,3996,4196,4135,4316,4112,14195,-9999,-9999,-9999,100,0,0,0,1024,9,255,255,255,1508,2021-02-18,20210218T103101_20210218T103100_T32UNE,0,1613644560799
21,,204,6539,5440,4672,6277,6157,6151,6651,6443,6230,6366,6008,12925,-9999,-9999,-9999,100,0,0,0,1024,9,255,255,255,1200,2021-02-23,20210223T102929_20210223T102927_T32UNE,0,1614076559740
22,,77,255,1940,1189,469,685,571,1133,2093,2281,2497,2441,2469,-9999,-9999,-9999,0,0,0,0,0,4,49,71,59,931,2021-02-26,20210226T103909_20210226T103910_T32UNE,0,1614336356549
23,,114,3641,3660,3203,3233,3077,3035,3383,3693,3784,4026,3875,4428,-9999,-9999,-9999,93,0,0,0,1024,9,255,255,255,686,2021-02-28,20210228T103021_20210228T103022_T32UNE,0,1614508561364
24,,60,141,1916,1153,328,591,523,1097,2081,2337,2608,2505,2447,-9999,-9999,-9999,0,0,0,0,0,4,34,61,54,340,2021-03-05,20210305T102809_20210305T103123_T32UNE,0,1614940560637
25,,61,127,1780,1041,390,686,566,1154,2140,2363,2679,2521,1301,-9999,-9999,-9999,0,0,0,0,0,4,40,70,58,248,2021-03-08,20210308T103759_20210308T104302_T32UNE,0,1615200357200
26,,204,3613,2473,2219,3420,3424,3389,3574,3979,4170,4435,4315,2682,-9999,-9999,-9999,100,0,0,0,1024,9,255,255,255,-9999,2021-03-10,20210310T103021_20210310T103022_T32UNE,0,1615372561216
27,,144,1891,2458,2031,1954,2147,2310,2746,3255,3465,3670,3613,3610,-9999,-9999,-9999,91,0,0,0,1024,9,199,219,236,631,2021-03-15,20210315T102709_20210315T102927_T32UNE,0,1615804560867
28,,204,1393,2146,1485,1322,1470,1435,1910,2557,2717,2862,2892,3079,-9999,-9999,-9999,21,0,0,0,0,7,135,150,147,963,2021-03-20,20210320T103021_20210320T103151_T32UNE,0,1616236560435
29,,108,262,2096,1266,415,663,566,1168,2261,2553,2787,2744,2820,-9999,-9999,-9999,0,0,0,0,0,4,43,68,58,680,2021-03-25,20210325T102639_20210325T103152_T32UNE,0,1616668560405
30,,66,283,2010,1131,376,678,524,1173,2402,2702,2853,2847,2922,-9999,-9999,-9999,0,0,0,0,0,4,39,70,54,916,2021-03-30,20210330T103021_20210330T103442_T32UNE,0,1617100558999
31,,204,7340,6827,5779,8825,8359,8285,8494,8342,8321,8951,8187,7666,-9999,-9999,-9999,100,0,0,0,1024,9,255,255,255,676,2021-04-04,20210404T102559_20210404T103315_T32UNE,0,1617532559245
32,,204,6756,5441,3733,7162,7229,7440,7835,7856,7885,8268,7846,7887,-9999,-9999,-9999,100,0,0,0,1024,9,243,255,255,570,2021-04-07,20210407T103619_20210407T103620_T32UNE,0,1617792355226
33,,150,13678,5067,4164,12364,11226,10797,10960,10478,10256,10622,9999,11821,-9999,-9999,-9999,100,0,0,0,1024,9,255,255,255,671,2021-04-09,20210409T103021_20210409T103100_T32UNE,0,1617964556887
34,,114,16731,5988,4929,15412,14267,14030,14495,14102,13826,14571,13595,15732,-9999,-9999,-9999,100,0,0,0,1024,9,255,255,255,589,2021-04-12,20210412T104021_20210412T104212_T32UNE,0,1618224352572
35,,126,9524,4512,3204,9750,8570,8153,8280,7873,7543,9003,7156,12785,-9999,-9999,-9999,100,0,0,0,1024,9,255,255,255,624,2021-04-14,20210414T102559_20210414T103537_T32UNE,0,1618396557557
36,,90,91,2019,1152,254,465,381,906,2043,2429,2663,2746,2880,-9999,-9999,-9999,0,0,0,0,0,4,27,48,39,1024,2021-04-17,20210417T103619_20210417T104526_T32UNE,0,1618656353334
37,,288,344,2087,1160,383,612,508,1052,2371,2796,2990,3101,3262,-9999,-9999,-9999,0,0,0,0,0,4,40,63,52,1362,2021-04-19,20210419T103021_20210419T103017_T32UNE,0,1618828556397
38,,204,8917,6595,5683,9191,8567,8368,8735,8632,8515,9042,8401,11560,-9999,-9999,-9999,100,0,0,0,1024,9,255,255,255,860,2021-04-22,20210422T104021_20210422T104431_T32UNE,0,1619088353615
39,,96,904,1229,704,511,578,446,764,1761,2169,2269,2338,2713,-9999,-9999,-9999,0,0,0,0,2048,4,53,59,46,525,2021-04-24,20210424T102549_20210424T102552_T32UNE,0,1619260555983
40,,66,297,1930,1089,437,613,481,985,2557,3143,3471,3415,3598,-9999,-9999,-9999,0,0,0,0,2048,10,45,63,50,489,2021-04-27,20210427T103619_20210427T103618_T32UNE,0,1619520353130
41,,204,8280,3588,3551,8427,8423,8661,8980,8807,8768,9222,8756,9156,-9999,-9999,-9999,0,24,0,0,1024,11,255,255,255,753,2021-04-29,20210429T103021_20210429T103504_T32UNE,0,1619692558859
42,,204,3622,3724,3210,3953,3574,3380,3635,3955,4024,4788,4080,6771,-9999,-9999,-9999,99,0,0,0,2048,9,255,254,253,770,2021-05-02,20210502T104021_20210502T104259_T32UNE,0,1619952355864
43,,204,10256,3358,2726,9904,9526,9625,9731,9526,9572,9435,9370,8937,-9999,-9999,-9999,6,54,0,0,1024,11,255,255,255,419,2021-05-04,20210504T102559_20210504T102554_T32UNE,0,1620124558431
44,,144,6034,2093,2128,5718,5278,5167,5561,5825,5902,6155,5863,8724,-9999,-9999,-9999,100,0,0,0,1024,9,255,255,255,853,2021-05-07,20210507T103619_20210507T103621_T32UNE,0,1620384355516
45,,126,652,1073,696,558,685,589,967,1990,2372,2375,2484,3295,-9999,-9999,-9999,1,0,0,0,2048,10,57,70,61,1419,2021-05-09,20210509T103021_20210509T103104_T32UNE,0,1620556560621
46,,204,3986,3223,2803,3429,3365,3407,3986,4499,4746,4365,4897,8316,-9999,-9999,-9999,100,0,0,0,1024,9,255,255,255,2020,2021-05-12,20210512T104021_20210512T104217_T32UNE,0,1620816357480
47,,204,10389,6870,5230,10642,10630,10797,10819,10603,10799,10985,10662,8633,-9999,-9999,-9999,100,0,0,0,1024,9,255,255,255,673,2021-05-14,20210514T102559_20210514T102556_T32UNE,0,1620988560430
48,,108,1295,2105,1103,1448,1481,1177,1689,3847,4957,5245,5171,5384,-9999,-9999,-9999,13,0,0,0,0,8,148,151,120,1301,2021-05-19,20210519T103021_20210519T103413_T32UNE,0,1621420561799
49,,204,7651,1507,1538,7849,7846,8014,8274,8160,8085,8499,7994,8635,-9999,-9999,-9999,0,100,0,0,1024,11,255,255,255,620,2021-05-22,20210522T104021_20210522T104323_T32UNE,0,1621680358441
50,,102,6307,5668,5299,5954,5852,5716,6177,6524,6683,7135,6670,11910,-9999,-9999,-9999,100,0,0,0,1024,9,255,255,255,1352,2021-05-24,20210524T102559_20210524T103253_T32UNE,0,1621852561756
51,,126,418,1414,610,358,499,264,736,3251,4706,4939,4925,5118,-9999,-9999,-9999,0,0,0,0,0,4,37,51,28,1237,2021-05-29,20210529T103021_20210529T103421_T32UNE,0,1622284562328
52,,137,1352,1833,1354,1267,1388,1204,1642,3273,4045,4222,4155,5725,-9999,-9999,-9999,11,0,0,0,2048,8,130,142,123,1436,2021-06-01,20210601T104021_20210601T104302_T32UNE,0,1622544358777
53,,204,1565,1987,1350,1948,1850,1545,1951,3491,4486,4679,4614,6718,-9999,-9999,-9999,22,0,0,0,2048,8,199,189,158,1908,2021-06-03,20210603T102559_20210603T102558_T32UNE,0,1622716562423
54,,120,191,1429,664,217,413,234,693,3075,4433,4559,4645,4711,-9999,-9999,-9999,0,0,0,0,0,4,23,43,25,1855,2021-06-08,20210608T103021_20210608T103106_T32UNE,0,1623148562231
55,,132,11648,5026,4279,10263,9792,9555,10163,9810,9627,9236,9398,15830,-9999,-9999,-9999,100,0,0,0,1024,9,255,255,255,2220,2021-06-11,20210611T104021_20210611T104218_T32UNE,0,1623408358532
56,,78,6969,5861,5128,7084,6762,6532,6959,7061,7177,7472,7114,10955,-9999,-9999,-9999,100,0,0,0,1024,9,255,255,255,1781,2021-06-13,20210613T102559_20210613T103528_T32UNE,0,1623580562580
57,,288,243,1641,770,319,541,352,848,3331,4864,4892,5169,5025,0,0,0,0,0,-9999,-9999,0,4,33,56,37,3017,2021-06-18,20210618T103021_20210618T103022_T32UNE,0,1624012561793
58,,204,11373,5595,3792,11342,11263,11269,11430,11135,11084,10971,10958,8869,-9999,-9999,-9999,100,0,0,0,1024,9,255,255,255,1307,2021-06-21,20210621T104021_20210621T104407_T32UNE,0,1624272358707
59,,114,7949,3422,3679,7513,6993,6657,7236,7163,7144,7398,6984,15571,-9999,-9999,-9999,100,0,0,0,1024,9,255,255,255,2146,2021-06-23,20210623T102559_20210623T102558_T32UNE,0,1624444562034
60,,120,334,1590,760,396,622,412,935,3158,4413,4531,4713,4600,-9999,-9999,-9999,0,0,0,0,0,4,41,64,43,2511,2021-06-28,20210628T103021_20210628T103429_T32UNE,0,1624876563175
61,,204,1328,2584,2137,1461,1990,2037,2473,3371,3740,3900,3858,6265,-9999,-9999,-9999,77,0,0,0,2048,9,149,203,208,1921,2021-07-01,20210701T104021_20210701T104440_T32UNE,0,1625136359977
62,,132,504,457,216,448,412,251,436,1217,1706,1682,1726,1891,-9999,-9999,-9999,0,0,0,0,0,4,46,43,26,2607,2021-07-03,20210703T102559_20210703T103127_T32UNE,0,1625308562913
63,,204,6176,1946,2077,5384,4956,4635,5213,5416,5469,5594,5434,15908,-9999,-9999,-9999,100,0,0,0,1024,9,255,255,255,2317,2021-07-08,20210708T103031_20210708T103351_T32UNE,0,1625740564263
64,,209,185,1196,595,329,608,504,1053,2292,2793,2863,3029,3428,-9999,-9999,-9999,1,0,0,0,0,4,34,63,52,2646,2021-07-11,20210711T104031_20210711T104217_T32UNE,0,1626000360928
65,,204,493,1545,916,692,919,866,1365,2288,2768,2851,3044,3326,-9999,-9999,-9999,4,0,0,0,2048,4,71,94,89,2656,2021-07-13,20210713T102559_20210713T103529_T32UNE,0,1626172563517
66,,174,690,2137,1331,848,1048,1229,1634,2090,2373,2531,2722,3355,-9999,-9999,-9999,0,0,0,0,0,5,87,107,125,2085,2021-07-18,20210718T103031_20210718T103025_T32UNE,0,1626604564821
67,,192,9203,6098,4519,9623,9596,9424,10078,9568,9285,9560,9079,14330,-9999,-9999,-9999,100,0,0,0,1024,9,243,255,255,1969,2021-07-21,20210721T104031_20210721T104323_T32UNE,0,1626864361315
68,,204,4640,3867,3626,4000,3700,3548,3910,4325,4701,4614,4782,6605,-9999,-9999,-9999,100,0,0,0,1024,9,255,255,255,1820,2021-07-23,20210723T102559_20210723T103037_T32UNE,0,1627036563563
69,,168,765,2625,1682,977,1176,1476,1786,2082,2324,2481,2695,3296,-9999,-9999,-9999,0,0,0,0,0,5,100,120,151,2052,2021-07-28,20210728T103031_20210728T103025_T32UNE,0,1627468564855
70,,204,-9999,1750,1348,3353,4250,4277,4554,4695,4842,4842,4882,-9999,-9999,-9999,-9999,0,5,0,0,1024,11,192,255,255,1558,2021-07-31,20210731T104031_20210731T104300_T32UNE,0,1627728361168
71,,144,2492,2848,1993,2281,2391,2438,2895,3622,4030,4146,4215,6312,-9999,-9999,-9999,73,0,0,0,0,8,232,243,246,1663,2021-08-02,20210802T102559_20210802T103533_T32UNE,0,1627900563003
72,,144,2633,3303,2973,2558,2752,2693,3198,3824,4071,4152,4176,8775,-9999,-9999,-9999,77,0,0,0,2048,9,236,248,250,2082,2021-08-07,20210807T103031_20210807T103108_T32UNE,0,1628332564300
73,,126,8466,2290,2538,7894,7531,7424,8120,7912,7750,7892,7626,15714,-9999,-9999,-9999,0,92,0,0,1024,8,255,255,255,1858,2021-08-10,20210810T104031_20210810T104220_T32UNE,0,1628592360531
74,,240,367,2040,1403,556,688,835,1024,1312,1517,1573,1671,2147,-9999,-9999,-9999,0,0,0,0,0,5,57,71,85,1783,2021-08-12,20210812T102559_20210812T103532_T32UNE,0,1628764561990
75,,204,4255,2246,2003,4698,4758,4789,5070,5331,5460,5872,5541,5914,-9999,-9999,-9999,13,2,0,0,1024,11,255,255,255,961,2021-08-17,20210817T103021_20210817T103024_T32UNE,0,1629196563921
76,,204,-9999,3770,2958,3803,7257,7012,7442,6964,6668,6653,6403,-9999,-9999,-9999,-9999,6,0,0,0,1024,9,128,255,255,2072,2021-08-20,20210820T104021_20210820T104404_T32UNE,0,1629456360224
77,,204,8528,1479,1668,8669,8533,8474,8669,8475,8480,8827,8325,11712,-9999,-9999,-9999,0,100,0,0,1024,8,255,255,255,742,2021-08-22,20210822T102559_20210822T103247_T32UNE,0,1629628560377
78,,114,6061,2552,2140,6219,6247,6301,6454,6583,6890,6847,6911,6558,-9999,-9999,-9999,100,0,0,0,1024,9,255,255,255,1209,2021-08-25,20210825T103619_20210825T103907_T32UNE,0,1629888356264
79,,204,10198,4188,2729,9577,8798,8389,8583,8049,7728,8661,7431,13888,-9999,-9999,-9999,63,0,0,0,1024,9,255,255,255,1102,2021-08-27,20210827T103021_20210827T103429_T32UNE,0,1630060563287
80,,84,294,2954,2428,668,921,1187,1445,1730,1929,2019,2114,2545,-9999,-9999,-9999,0,0,0,0,0,5,69,94,121,1576,2021-09-01,20210901T102559_20210901T103314_T32UNE,0,1630492558257
81,,144,1218,2824,2549,1472,1588,1600,1966,2630,2957,3097,3104,3969,-9999,-9999,-9999,13,0,0,0,0,8,151,162,164,1423,2021-09-04,20210904T103619_20210904T103659_T32UNE,0,1630752354377
82,,204,3332,2425,2064,2917,2935,2815,3221,3821,4083,4172,4228,7791,-9999,-9999,-9999,86,0,0,0,2048,9,255,255,255,1432,2021-09-06,20210906T103021_20210906T103518_T32UNE,0,1630924562030
83,,204,9116,4242,3243,8795,8030,7446,7701,7165,7082,7069,6783,10172,-9999,-9999,-9999,100,0,0,0,1024,9,255,255,255,2620,2021-09-11,20210911T102559_20210911T103017_T32UNE,0,1631356557804
84,,204,1422,3329,2896,1728,2056,2187,2619,3369,3715,3846,3950,3508,-9999,-9999,-9999,95,0,0,0,0,9,177,210,223,1515,2021-09-16,20210916T103021_20210916T103056_T32UNE,0,1631788563210
85,,108,10017,4884,3345,9117,8436,7997,8355,7928,7671,8104,7479,14085,-9999,-9999,-9999,100,0,0,0,1024,9,255,255,255,1356,2021-09-19,20210919T104031_20210919T104412_T32UNE,0,1632048360318
86,,204,7704,2742,2701,7645,7641,7635,7400,7485,7755,7983,7720,3998,-9999,-9999,-9999,0,65,0,0,1024,8,255,255,255,-9999,2021-09-21,20210921T102639_20210921T102641_T32UNE,0,1632220558810
87,,204,9548,6207,4841,9849,9715,9559,9967,9450,9369,9368,9129,10419,-9999,-9999,-9999,100,0,0,0,1024,9,255,255,255,1653,2021-09-24,20210924T103659_20210924T104424_T32UNE,0,1632480355994
88,,96,641,2117,1754,840,1025,1065,1385,2006,2275,2282,2427,3023,-9999,-9999,-9999,1,0,0,0,0,7,86,105,109,2104,2021-09-26,20210926T103031_20210926T103026_T32UNE,0,1632652565240
89,,96,744,1791,1408,1006,1172,1284,1504,1812,2001,2126,2117,3860,-9999,-9999,-9999,12,0,0,0,2048,8,103,120,131,1485,2021-10-01,20211001T102739_20211001T102820_T32UNE,0,1633084561041
90,,126,746,1528,1068,1112,1134,1042,1275,1685,1829,2291,1920,2697,-9999,-9999,-9999,11,0,0,0,0,7,114,116,107,1149,2021-10-06,20211006T102921_20211006T103433_T32UNE,0,1633516566519
91,,84,376,1327,983,600,703,691,949,1272,1417,1490,1507,2277,-9999,-9999,-9999,2,0,0,0,0,7,62,72,71,1172,2021-10-11,20211011T102849_20211011T103224_T32UNE,0,1633948562523
92,,204,12127,6455,4473,11894,11303,10712,11116,10851,10578,11388,10360,16028,-9999,-9999,-9999,100,0,0,0,1024,9,255,255,255,842,2021-10-16,20211016T103031_20211016T103258_T32UNE,0,1634380566931
93,,204,6468,3430,2895,6909,6783,6623,6797,6637,6480,7070,6257,9352,-9999,-9999,-9999,100,0,0,0,1024,9,255,255,255,651,2021-10-21,20211021T102959_20211021T102953_T32UNE,0,1634812563076
94,,-9999,-9999,-9999,-9999,-9999,-9999,-9999,-9999,-9999,-9999,-9999,-9999,-9999,0,0,0,0,0,-9999,-9999,0,-9999,-9999,-9999,-9999,-9999,2021-10-24,20211024T104029_20211024T104024_T32UNE,0,1635072359526
95,,144,3597,2618,2176,2755,2765,2635,3102,3609,3768,3484,3911,5708,-9999,-9999,-9999,72,0,0,0,1024,9,247,247,244,1447,2021-10-26,20211026T103131_20211026T103127_T32UNE,0,1635244566526
96,,114,1704,2606,1990,1708,2001,1819,2436,3257,3518,3628,3636,6899,-9999,-9999,-9999,32,0,0,0,2048,8,174,204,185,1180,2021-10-31,20211031T103059_20211031T103059_T32UNE,0,1635676562741
97,,144,6252,2362,1443,5307,4823,4599,4926,4803,4679,4716,4563,8217,-9999,-9999,-9999,100,0,0,0,1024,9,255,255,255,906,2021-11-05,20211105T103221_20211105T103434_T32UNE,0,1636108565141
98,,114,5157,2633,1742,4987,4306,3886,3903,3750,3790,3953,3718,3957,-9999,-9999,-9999,100,0,0,0,1024,9,255,255,255,1502,2021-11-10,20211110T103149_20211110T103152_T32UNE,0,1636540561263
99,,204,8812,5437,4179,7900,7667,7531,8453,8098,7873,7608,7760,7999,-9999,-9999,-9999,100,0,0,0,1024,9,255,255,255,754,2021-11-15,20211115T103311_20211115T103310_T32UNE,0,1636972562553
100,,204,10868,3842,3691,9946,9808,9698,9905,9818,9692,9732,9664,13482,-9999,-9999,-9999,100,0,0,0,1024,9,255,255,255,686,2021-11-18,20211118T104331_20211118T104326_T32UNE,0,1637232358053
101,,204,6116,4124,2802,6177,6110,6186,6343,6250,6269,6220,6241,6208,-9999,-9999,-9999,100,0,0,0,1024,9,255,255,255,581,2021-11-20,20211120T103239_20211120T103234_T32UNE,0,1637404558796
102,,204,6028,2666,2007,5552,5396,5500,5739,5654,5612,5764,5662,5766,-9999,-9999,-9999,100,0,0,0,1024,9,255,255,255,700,2021-11-25,20211125T103351_20211125T103350_T32UNE,0,1637836561516
103,,114,4753,2880,2575,3773,3662,3837,4217,4301,4425,4012,4504,9365,-9999,-9999,-9999,100,0,0,0,1024,9,255,255,255,734,2021-11-30,20211130T103309_20211130T103307_T32UNE,0,1638268557000
104,,204,14533,9192,8352,12963,12371,12786,13518,13076,12790,13370,12663,15752,-9999,-9999,-9999,100,0,0,0,1024,9,255,255,255,466,2021-12-05,20211205T103421_20211205T103430_T32UNE,0,1638700560709
105,,144,8092,4950,3923,7512,6430,6484,7023,6635,6355,6942,6117,15094,-9999,-9999,-9999,100,0,0,0,1024,9,255,255,255,1101,2021-12-10,20211210T103329_20211210T103329_T32UNE,0,1639132556099
106,,204,3924,3351,2714,4038,3886,3867,3986,4060,4041,4443,4100,3687,-9999,-9999,-9999,100,0,0,0,1024,9,255,255,255,463,2021-12-15,20211215T103441_20211215T103436_T32UNE,0,1639564561415
107,,114,8515,5136,3957,7672,7027,7066,7491,7293,7132,7068,7055,9678,-9999,-9999,-9999,100,0,0,0,1024,9,255,255,255,1155,2021-12-18,20211218T104441_20211218T104443_T32UNE,0,1639824358435
108,,114,428,1419,797,562,711,553,1210,2389,2686,2820,2840,2659,0,0,0,1,0,-9999,-9999,0,4,58,73,57,990,2021-12-20,20211220T103339_20211220T103339_T32UNE,0,1639996555947
109,,204,9572,4211,4118,8893,8490,8615,8594,8637,8692,9103,8601,7477,-9999,-9999,-9999,100,0,0,0,1024,9,255,255,255,54,2021-12-23,20211223T104349_20211223T104345_T32UNE,0,1640256352941
110,,120,6094,501,495,6766,6566,6987,7514,7537,7193,7548,7057,6798,0,0,1,0,84,-9999,-9999,0,11,255,255,255,575,2021-12-25,20211225T103441_20211225T103440_T32UNE,0,1640428562923
111,,120,3569,2723,2614,4482,4295,4333,4766,4819,4789,4386,4776,3534,-9999,-9999,-9999,88,0,0,0,1024,9,237,255,255,1398,2021-12-28,20211228T104441_20211228T104443_T32UNE,0,1640688359527
112,,204,7093,2661,2044,7069,6494,6323,6347,6104,6151,6223,6018,6639,-9999,-9999,-9999,100,0,0,0,1024,9,255,255,255,965,2021-12-30,20211230T103339_20211230T103336_T32UNE,0,1640860557284
113,,204,11252,3435,3828,10913,9928,9757,9982,9757,9698,10317,9671,15821,-9999,-9999,-9999,6,26,0,0,1024,8,255,255,255,421,2022-01-02,20220102T104339_20220102T104336_T32UNE,0,1641120353890
114,,204,8374,3595,3365,7685,7042,7291,7564,7497,7436,7785,7440,8962,-9999,-9999,-9999,100,0,0,0,1024,9,255,255,255,317,2022-01-04,20220104T103431_20220104T103430_T32UNE,0,1641292563149
115,,-9999,-9999,-9999,-9999,-9999,-9999,-9999,-9999,-9999,-9999,-9999,-9999,-9999,-9999,-9999,-9999,0,0,0,0,1024,-9999,-9999,-9999,-9999,-9999,2022-01-07,20220107T104431_20220107T104439_T32UNE,0,1641552359428
116,,204,7234,4597,3557,6870,6179,6612,6715,6710,6910,6801,6930,4459,-9999,-9999,-9999,100,0,0,0,1024,9,255,255,255,398,2022-01-09,20220109T103319_20220109T103318_T32UNE,0,1641724557488
117,,132,8324,4901,3960,7473,6650,6554,6955,6667,6508,6497,6340,9134,-9999,-9999,-9999,100,0,0,0,1024,9,255,255,255,1306,2022-01-12,20220112T104319_20220112T104314_T32UNE,0,1641984353806
118,,204,5162,2645,1571,5376,4799,4585,4789,4614,4464,4673,4457,3962,-9999,-9999,-9999,100,0,0,0,1024,9,255,255,255,1367,2022-01-14,20220114T103401_20220114T103429_T32UNE,0,1642156562380
119,,204,75,865,669,139,287,322,578,872,932,960,1023,1141,-9999,-9999,-9999,4,0,0,0,0,2,15,30,33,901,2022-01-17,20220117T104401_20220117T104358_T32UNE,0,1642416358392
120,,204,9241,8253,7172,9634,9469,9950,10366,10204,10169,10692,10090,11607,-9999,-9999,-9999,100,0,0,0,1024,9,255,255,255,654,2022-01-19,20220119T103249_20220119T103245_T32UNE,0,1642588556765
121,,204,7317,3811,2478,7114,6476,6337,6573,6344,6231,6257,6084,6351,-9999,-9999,-9999,100,0,0,0,1024,9,255,255,255,1132,2022-01-22,20220122T104239_20220122T104236_T32UNE,0,1642848352728
122,,204,6945,4238,3187,6292,5887,5803,6351,6152,6067,5869,5996,5686,-9999,-9999,-9999,100,0,0,0,1024,9,255,255,255,501,2022-01-24,20220124T103331_20220124T103325_T32UNE,0,1643020561568
123,,72,3975,2289,1796,3262,2984,2875,3135,3199,3138,3197,3165,4477,-9999,-9999,-9999,100,0,0,0,0,9,255,255,255,818,2022-01-27,20220127T104321_20220127T104452_T32UNE,0,1643280358048
124,,126,7467,3884,2789,7235,6786,6715,6949,6628,6700,6433,6520,6368,-9999,-9999,-9999,100,0,0,0,0,9,255,255,255,1296,2022-01-29,20220129T103159_20220129T103158_T32UNE,0,1643452555435
125,,60,4506,762,500,4536,4366,4332,4386,4299,4319,4382,4279,3517,-9999,-9999,-9999,50,0,0,0,0,8,255,255,255,513,2022-02-01,20220201T104149_20220201T104146_T32UNE,0,1643712352154
126,,60,8527,2540,2491,8415,8414,8501,7956,8050,8186,8661,8293,3436,-9999,-9999,-9999,65,0,0,0,0,8,255,255,255,-9999,2022-02-03,20220203T103231_20220203T103234_T32UNE,0,1643884561388
127,,72,6752,3687,2742,6843,6574,6484,6606,6351,6340,6532,6217,7015,-9999,-9999,-9999,100,0,0,0,0,9,255,255,255,700,2022-02-08,20220208T103109_20220208T103125_T32UNE,0,1644316555831
128,,66,2128,2436,1934,2275,2391,2284,2453,3033,3215,3681,3382,1999,-9999,-9999,-9999,65,0,0,0,0,8,232,244,233,-9999,2022-02-13,20220213T103131_20220213T103543_T32UNE,0,1644748561351
129,,60,11473,5104,3311,11195,10686,10550,10917,10573,10331,10634,10018,12222,-9999,-9999,-9999,100,0,0,0,0,9,255,255,255,758,2022-02-16,20220216T104121_20220216T104120_T32UNE,0,1645008358667
130,,66,9063,2961,3082,9251,9153,9156,8761,8786,8890,9628,8765,5662,-9999,-9999,-9999,65,0,0,0,0,8,255,255,255,-9999,2022-02-18,20220218T102949_20220218T103126_T32UNE,0,1645180555235
131,,118,5339,3489,3292,4621,4721,4978,5421,5662,5816,5597,5915,7322,-9999,-9999,-9999,100,0,0,0,0,9,255,255,255,571,2022-02-21,20220221T103949_20220221T103943_T32UNE,0,1645440352582
132,,78,5049,2170,1855,3228,2963,2826,3016,3110,3130,2764,3152,4646,-9999,-9999,-9999,79,0,0,0,0,8,252,248,243,611,2022-02-23,20220223T103031_20220223T103438_T32UNE,0,1645612563884
133,,66,273,1730,987,478,781,681,1260,2265,2540,2754,2673,2488,-9999,-9999,-9999,0,0,0,0,0,4,50,80,70,559,2022-02-28,20220228T102849_20220228T103305_T32UNE,0,1646044557925
134,,72,354,1901,1089,481,840,750,1377,2432,2672,2927,2846,2675,-9999,-9999,-9999,0,0,0,0,0,4,50,86,77,408,2022-03-05,20220305T102921_20220305T103435_T32UNE,0,1646476565342
135,,66,261,2001,1248,456,795,712,1290,2252,2509,2754,2675,2460,-9999,-9999,-9999,0,0,0,0,0,4,47,82,73,381,2022-03-10,20220310T102739_20220310T102753_T32UNE,0,1646908559452
136,,96,5089,1902,1776,4217,4010,3882,4032,4320,4456,4592,4547,2269,-9999,-9999,-9999,100,0,0,0,0,9,255,255,255,-9999,2022-03-15,20220315T102811_20220315T103036_T32UNE,0,1647340565446
137,,126,468,2324,1552,641,961,883,1492,2536,2830,3068,2996,2920,-9999,-9999,-9999,0,0,0,0,0,4,66,99,91,565,2022-03-20,20220320T102639_20220320T102939_T32UNE,0,1647772559496
138,,144,440,2083,1302,523,809,732,1265,2210,2495,2648,2712,2661,-9999,-9999,-9999,0,0,0,0,0,4,54,83,75,999,2022-03-25,20220325T102651_20220325T103203_T32UNE,0,1648204564228
139,,120,1795,2229,1712,1568,1553,1457,1800,2467,2711,3011,2874,3486,-9999,-9999,-9999,19,0,0,0,0,10,160,158,149,612,2022-03-30,20220330T102619_20220330T103450_T32UNE,0,1648636558196
140,,96,7829,1742,1768,7585,7519,7662,7224,7366,7559,7741,7667,2769,-9999,-9999,-9999,65,0,0,0,0,8,255,255,255,-9999,2022-04-04,20220404T102601_20220404T103156_T32UNE,0,1649068562992
141,,240,2982,4299,3442,5281,4731,4283,4687,5341,5500,6496,5522,5868,-9999,-9999,-9999,89,0,0,0,0,9,255,253,248,757,2022-04-09,20220409T102559_20220409T103252_T32UNE,0,1649500558321
142,,180,1160,3325,2582,2157,2375,2244,2850,4121,4524,4704,4722,4519,-9999,-9999,-9999,28,0,0,0,0,8,196,212,202,1492,2022-04-14,20220414T102601_20220414T102952_T32UNE,0,1649932564465
143,,60,199,1571,824,268,520,334,848,2583,3179,3437,3339,3362,-9999,-9999,-9999,0,0,0,0,0,4,28,54,35,567,2022-04-17,20220417T103631_20220417T104402_T32UNE,0,1650192361666
144,,84,7136,6695,5873,6489,6311,6337,6799,7204,7328,7480,7361,8711,-9999,-9999,-9999,100,0,0,0,0,9,255,255,255,925,2022-04-24,20220424T103031_20220424T103027_T32UNE,0,1650796566430
145,,237,10319,5282,4482,9301,8381,7893,8014,7678,7420,8089,7181,11331,-9999,-9999,-9999,100,0,0,0,0,9,255,255,255,728,2022-04-27,20220427T103631_20220427T104403_T32UNE,0,1651056363075
146,,210,459,1666,1038,558,817,672,1202,3162,4143,4448,4332,4810,-9999,-9999,-9999,2,0,0,0,0,10,57,84,69,800,2022-04-29,20220429T102549_20220429T103513_T32UNE,0,1651228554501
147,,108,961,2313,1695,1083,1282,1199,1680,3130,3790,3941,4017,4144,-9999,-9999,-9999,4,0,0,0,0,10,111,131,123,928,2022-05-02,20220502T103619_20220502T103700_T32UNE,0,1651488352300
148,,120,2414,2739,1950,2433,2396,2139,2421,3297,3662,4238,3682,5232,-9999,-9999,-9999,52,0,0,0,0,8,224,218,200,866,2022-05-04,20220504T102601_20220504T102602_T32UNE,0,1651660566335
149,,210,10821,7251,6140,11703,10753,10131,9972,9748,9515,10345,9297,16676,-9999,-9999,-9999,100,0,0,0,0,9,255,255,255,1795,2022-05-07,20220507T103631_20220507T104403_T32UNE,0,1651920362329
150,,78,280,1352,749,350,549,401,837,2736,3817,4119,4047,4278,-9999,-9999,-9999,0,0,0,0,0,10,36,57,42,819,2022-05-09,20220509T102559_20220509T103517_T32UNE,0,1652092558523
151,,144,11926,6324,4974,10614,9780,9329,9807,9435,9209,9470,8970,15918,-9999,-9999,-9999,100,0,0,0,0,9,255,255,255,1486,2022-05-14,20220514T102601_20220514T102801_T32UNE,0,1652524565605
152,,234,9051,6374,5629,8227,7762,7532,8105,8136,8114,7982,8002,14892,-9999,-9999,-9999,100,0,0,0,0,9,255,255,255,2138,2022-05-17,20220517T103631_20220517T104431_T32UNE,0,1652784363207
153,,294,3383,1653,1490,2974,2772,2487,2941,3798,4358,4334,4369,11375,1,0,0,65,0,-9999,-9999,2048,8,255,255,253,2249,2022-05-19,20220519T102559_20220519T103429_T32UNE,0,1652956561242
154,,168,14722,7368,5942,14257,13110,12538,12814,11958,11526,11977,11208,15660,-9999,-9999,-9999,100,0,0,0,0,9,255,255,255,2035,2022-05-24,20220524T102611_20220524T102804_T32UNE,0,1653388568587
155,,157,0,173,81,0,0,0,12,556,863,809,945,0,-9999,-9999,-9999,0,0,0,0,0,4,-9999,-9999,-9999,2379,2022-05-27,20220527T103631_20220527T104442_T32UNE,0,1653648365435
156,,162,8330,4432,3872,7493,6889,6607,7240,7223,7295,7286,7100,13025,-9999,-9999,-9999,100,0,0,0,0,9,255,255,255,1685,2022-05-29,20220529T102559_20220529T103520_T32UNE,0,1653820561519
157,,78,203,928,406,159,367,196,625,2404,3433,3624,3683,4038,-9999,-9999,-9999,0,0,0,0,0,4,17,38,21,1221,2022-06-03,20220603T102611_20220603T102605_T32UNE,0,1654252569395
158,,196,2778,5005,4737,5676,5144,5146,5728,6235,6451,5418,6535,1128,-9999,-9999,-9999,68,0,0,0,0,9,255,255,255,1817,2022-06-06,20220606T103631_20220606T104438_T32UNE,0,1654512365783
159,,162,342,687,346,380,487,289,627,1918,2710,2740,2825,2353,-9999,-9999,-9999,0,0,0,0,0,3,39,50,30,2021,2022-06-08,20220608T102559_20220608T103522_T32UNE,0,1654684563187
160,,174,10989,6310,5314,9452,8995,8956,9629,9571,9579,9131,9520,13874,-9999,-9999,-9999,100,0,0,0,0,9,255,255,255,1506,2022-06-13,20220613T103031_20220613T103036_T32UNE,0,1655116571732
161,,294,177,1652,881,372,841,599,1456,3506,4539,4644,4933,4908,-9999,-9999,-9999,1,0,0,0,0,4,38,86,62,2943,2022-06-18,20220618T102559_20220618T103528_T32UNE,0,1655548565692
162,,72,210,1513,795,331,762,727,1484,2809,3349,3600,3783,3937,-9999,-9999,-9999,2,0,0,0,0,4,35,78,75,1770,2022-06-23,20220623T103031_20220623T103034_T32UNE,0,1655980573815
163,,150,231,1794,1051,501,870,1292,1882,2508,2975,3350,3553,3881,-9999,-9999,-9999,3,0,0,0,0,5,52,89,132,1658,2022-06-28,20220628T102609_20220628T103529_T32UNE,0,1656412566631
164,,204,14967,4726,2974,13486,12070,11385,12168,11270,10865,11129,10590,16008,-9999,-9999,-9999,80,0,0,0,0,9,255,255,255,1926,2022-07-03,20220703T102611_20220703T102611_T32UNE,0,1656844574573
165,,84,8151,5679,4404,7835,7305,7083,7554,7425,7481,7695,7403,12072,-9999,-9999,-9999,100,0,0,0,0,9,255,255,255,1918,2022-07-08,20220708T102559_20220708T103441_T32UNE,0,1657276566406
166,,138,350,2517,1462,549,865,1345,1747,2110,2450,2693,2988,3300,-9999,-9999,-9999,0,0,0,0,0,5,56,88,138,2178,2022-07-13,20220713T103041_20220713T103035_T32UNE,0,1657708574198
167,,276,1659,3462,2288,2015,2362,2867,3366,3966,4519,4757,4994,5953,1,0,0,17,0,-9999,-9999,2048,10,206,241,249,2054,2022-07-18,20220718T102559_20220718T103413_T32UNE,0,1658140566330
168,,174,5089,4376,4004,4671,4459,4387,4873,5134,5299,5300,5364,8054,-9999,-9999,-9999,100,0,0,0,0,9,255,255,255,1531,2022-07-23,20220723T102611_20220723T102619_T32UNE,0,1658572572323
169,,108,1152,3297,2721,1806,2120,2321,2802,3589,3912,3808,4194,3860,-9999,-9999,-9999,50,0,0,0,0,8,189,216,237,1616,2022-07-26,20220726T103631_20220726T104404_T32UNE,0,1658832367920
170,,90,9514,4874,4357,8980,8291,8002,8368,8076,7992,8279,7805,13792,-9999,-9999,-9999,100,0,0,0,0,9,255,255,255,1314,2022-07-28,20220728T102559_20220728T103507_T32UNE,0,1659004566513
171,,66,365,2992,2511,703,1006,1383,1636,1925,2121,2293,2349,2720,-9999,-9999,-9999,0,0,0,0,0,5,72,103,141,1014,2022-08-02,20220802T102611_20220802T102745_T32UNE,0,1659436571972
172,,108,14500,7585,6372,14517,13239,12377,12813,11845,11399,12496,10815,15603,-9999,-9999,-9999,100,0,0,0,0,9,255,255,255,2074,2022-08-07,20220807T102559_20220807T103507_T32UNE,0,1659868565698
173,,66,474,3216,2667,797,1109,1529,1819,2041,2231,2373,2490,2787,-9999,-9999,-9999,0,0,0,0,0,5,82,113,156,1584,2022-08-12,20220812T103031_20220812T103132_T32UNE,0,1660300573678
174,,300,1161,2999,2441,1414,1621,1946,2264,2534,2814,2844,3040,5550,-9999,-9999,-9999,0,0,0,0,0,10,145,165,199,2584,2022-08-17,20220817T102559_20220817T103505_T32UNE,0,1660732563833
175,,89,1817,1726,1437,1842,1817,1802,2030,2241,2369,2390,2420,5038,-9999,-9999,-9999,61,0,0,0,0,8,188,185,184,2085,2022-08-20,20220820T103629_20220820T103646_T32UNE,0,1660992359445
176,,156,634,3288,2933,849,1123,1498,1797,2038,2232,2313,2440,2755,-9999,-9999,-9999,0,0,0,0,0,5,87,115,153,2119,2022-08-22,20220822T102611_20220822T103500_T32UNE,0,1661164574168
177,,282,12971,5327,4516,11066,9731,9043,9462,8737,8718,8108,8369,13811,-9999,-9999,-9999,100,0,0,0,0,9,255,255,255,2390,2022-08-27,20220827T102559_20220827T103441_T32UNE,0,1661596561717
178,,102,8442,3845,2851,8161,7508,7146,7616,7117,6833,7277,6611,15380,-9999,-9999,-9999,100,0,0,0,0,9,255,255,255,1900,2022-08-30,20220830T103629_20220830T103628_T32UNE,0,1661856358720
179,,66,841,3902,3542,1144,1477,1920,2258,2508,2704,2881,2976,3244,-9999,-9999,-9999,0,0,0,0,0,5,117,151,196,1581,2022-09-01,20220901T102611_20220901T102610_T32UNE,0,1662028573701
180,,228,5248,2639,2562,4623,4444,4284,4790,4956,5003,5018,4924,16292,-9999,-9999,-9999,100,0,0,0,0,9,255,255,255,2017,2022-09-06,20220906T102559_20220906T103352_T32UNE,0,1662460563213
181,,108,6485,4470,3774,5415,5152,5040,5563,5527,5483,5498,5511,11694,-9999,-9999,-9999,100,0,0,0,0,9,255,255,255,1836,2022-09-11,20220911T102621_20220911T102615_T32UNE,0,1662892572086
182,,72,1041,2153,1740,1178,1232,1192,1560,2262,2560,2674,2748,3116,-9999,-9999,-9999,5,0,0,0,0,7,121,126,122,1423,2022-09-16,20220916T102639_20220916T103308_T32UNE,0,1663324563327
183,,66,254,1819,1127,421,708,711,1222,2219,2419,2522,2543,2803,-9999,-9999,-9999,0,0,0,0,0,4,44,73,73,1242,2022-09-21,20220921T102731_20220921T102943_T32UNE,0,1663756568881
184,,192,5268,3309,3046,5249,5310,5336,5571,5812,6004,6117,6001,6881,-9999,-9999,-9999,100,0,0,0,0,9,255,255,255,750,2022-09-26,20220926T102709_20220926T103247_T32UNE,0,1664188561927
185,,102,11321,6083,4571,10473,9492,9086,9373,8899,8695,8998,8558,10157,-9999,-9999,-9999,100,0,0,0,0,9,255,255,255,1562,2022-10-01,20221001T102841_20221001T103225_T32UNE,0,1664620568751
186,,66,363,776,421,394,435,345,597,1410,1654,1545,1757,2135,-9999,-9999,-9999,0,0,0,0,0,3,41,45,36,1126,2022-10-06,20221006T102949_20221006T102946_T32UNE,0,1665052558787
187,,72,318,1516,848,504,733,576,1201,2995,3339,3528,3528,3614,-9999,-9999,-9999,1,0,0,0,0,4,52,75,59,1315,2022-10-09,20221009T103839_20221009T103953_T32UNE,0,1665312355956
188,,72,256,1355,729,379,652,487,1119,2913,3214,3381,3320,3211,-9999,-9999,-9999,0,0,0,0,0,4,39,67,50,1613,2022-10-11,20221011T102951_20221011T103336_T32UNE,0,1665484567050
189,,105,6114,2036,1844,4692,4315,4226,4666,4507,4459,3475,4403,7324,-9999,-9999,-9999,50,0,0,0,0,8,255,255,255,1560,2022-10-14,20221014T104011_20221014T104118_T32UNE,0,1665744362385
190,,66,127,935,482,273,426,310,739,2183,2547,2336,2652,2500,-9999,-9999,-9999,0,0,0,0,0,4,28,44,32,1861,2022-10-16,20221016T102919_20221016T103330_T32UNE,0,1665916560768
191,,84,7230,4858,4196,6594,6189,5870,6219,5993,5849,6207,5774,11637,-9999,-9999,-9999,100,0,0,0,0,9,255,255,255,1858,2022-10-21,20221021T103051_20221021T103434_T32UNE,0,1666348563184
192,,72,0,1350,646,192,532,365,995,3377,3837,3906,3962,3881,-9999,-9999,-9999,0,0,0,0,0,4,21,55,38,1972,2022-10-24,20221024T104121_20221024T104234_T32UNE,0,1666608360488
193,,66,503,1446,806,664,876,668,1301,3595,4087,4199,4105,6458,-9999,-9999,-9999,2,0,0,0,0,10,68,90,69,1946,2022-10-26,20221026T103029_20221026T103025_T32UNE,0,1666780560692
194,,114,10883,6077,4836,9324,8660,8325,9145,8823,8662,8207,8476,10218,-9999,-9999,-9999,100,0,0,0,0,9,255,255,255,1361,2022-10-31,20221031T103151_20221031T103541_T32UNE,0,1667212565408
195,,66,38,1182,501,264,535,322,951,3607,4305,4385,4323,4127,-9999,-9999,-9999,0,0,0,0,0,4,27,55,34,1450,2022-11-05,20221105T103119_20221105T103122_T32UNE,0,1667644559589
196,,126,4382,3266,3002,3665,3505,3391,3819,4140,4183,4114,4271,7562,-9999,-9999,-9999,100,0,0,0,0,9,255,255,255,2048,2022-11-10,20221110T103251_20221110T103248_T32UNE,0,1668076565123
197,,204,11373,4029,3101,9423,8205,7537,8076,7342,7126,6871,6754,13484,-9999,-9999,-9999,100,0,0,0,0,9,255,255,255,1703,2022-11-15,20221115T103219_20221115T103214_T32UNE,0,1668508561221
198,,90,689,919,504,631,679,466,943,2645,2916,3033,3043,3035,-9999,-9999,-9999,0,0,0,0,0,5,65,70,48,883,2022-11-20,20221120T103331_20221120T103330_T32UNE,0,1668940562320
199,,108,11368,2655,2914,10790,10068,10007,10462,10140,9956,10468,9654,13371,-9999,-9999,-9999,65,0,0,0,0,8,255,255,255,354,2022-11-25,20221125T103259_20221125T103254_T32UNE,0,1669372560855
200,,138,5004,2911,2112,4494,4064,4044,4376,4307,4309,4098,4346,3648,-9999,-9999,-9999,100,0,0,0,0,9,255,255,255,742,2022-11-30,20221130T103411_20221130T103405_T32UNE,0,1669804561589
201,,63,0,5735,5741,10584,10032,9922,10838,10277,9865,10105,9510,1198,-9999,-9999,-9999,50,0,0,0,0,9,255,255,255,1108,2022-12-03,20221203T104421_20221203T104538_T32UNE,0,1670064358321
202,,90,7208,3298,2405,7274,6383,6198,6185,5953,5902,6451,5720,6635,-9999,-9999,-9999,100,0,0,0,0,9,255,255,255,618,2022-12-05,20221205T103319_20221205T103321_T32UNE,0,1670236558733
203,,54,7340,4266,3371,6896,6285,6428,6607,6483,6410,6694,6334,6347,-9999,-9999,-9999,100,0,0,0,0,9,255,255,255,291,2022-12-10,20221210T103431_20221210T103429_T32UNE,0,1670668561911
204,,114,8645,3226,2467,7610,6731,6822,7286,7050,7003,6863,6897,9793,-9999,-9999,-9999,100,0,0,0,0,9,255,255,255,947,2022-12-15,20221215T103339_20221215T103339_T32UNE,0,1671100559650
205,,72,9233,3417,2880,8810,8293,8385,9024,8589,8322,8544,8178,15006,-9999,-9999,-9999,100,3,0,0,0,9,255,255,255,1236,2022-12-20,20221220T103441_20221220T103437_T32UNE,0,1671532559884
206,,66,4666,3212,2376,4631,4317,4375,4817,4816,4767,4709,4741,6159,-9999,-9999,-9999,100,0,0,0,0,9,255,255,255,1326,2022-12-23,20221223T104441_20221223T104442_T32UNE,0,1671792355653
207,,108,7097,3011,3022,7143,6860,7071,6917,7021,7147,7866,7192,4718,-9999,-9999,-9999,100,0,0,0,0,9,255,255,255,-9999,2022-12-25,20221225T103349_20221225T103343_T32UNE,0,1671964560781
208,,72,2057,2261,1706,2089,2096,2053,2333,3296,3569,3951,3801,1414,-9999,-9999,-9999,65,0,0,0,0,8,213,214,209,-9999,2022-12-30,20221230T103431_20221230T103434_T32UNE,0,1672396560362
209,,60,2823,996,725,2400,1963,1913,2006,1967,1928,1748,1838,2594,-9999,-9999,-9999,29,4,0,0,0,8,245,200,195,913,2023-01-04,20230104T103329_20230104T103331_T32UNE,0,1672828559645
210,,90,6333,3623,3189,6307,5786,5836,5893,5877,5921,6058,5915,5633,-9999,-9999,-9999,100,0,0,0,0,9,255,255,255,409,2023-01-07,20230107T104329_20230107T104329_T32UNE,0,1673088355243
211,,96,4701,4883,4770,4912,4655,4838,5365,5603,5670,5403,5832,5611,-9999,-9999,-9999,99,0,0,0,0,9,255,255,255,979,2023-01-09,20230109T103421_20230109T103416_T32UNE,0,1673260559972
212,,72,5839,2646,2632,5965,5716,5813,5652,5743,5777,6448,5739,4026,-9999,-9999,-9999,100,0,0,0,0,9,255,255,255,-9999,2023-01-14,20230114T103309_20230114T103304_T32UNE,0,1673692557475
213,,84,2633,1254,1064,2631,2444,2371,2567,2704,2627,2882,2573,3846,-9999,-9999,-9999,63,0,0,0,0,8,254,245,239,729,2023-01-17,20230117T104259_20230117T104258_T32UNE,0,1673952354931
214,,72,5119,2588,2365,4618,4091,4071,4254,4087,3990,4163,3954,5707,-9999,-9999,-9999,100,0,0,0,0,9,255,255,255,723,2023-01-19,20230119T103341_20230119T103341_T32UNE,0,1674124556200
215,,126,3276,2263,2033,3126,2838,2745,2859,2867,2824,2981,2820,3106,-9999,-9999,-9999,98,0,0,0,0,9,255,255,255,740,2023-01-22,20230122T104341_20230122T104447_T32UNE,0,1674384353793
216,,71,4933,3796,3356,4786,4337,4207,4015,4145,4252,4620,4253,1821,-9999,-9999,-9999,100,0,0,0,0,9,255,255,255,-9999,2023-01-24,20230124T103229_20230124T103227_T32UNE,0,1674556559466
217,,60,7062,6588,5660,7652,7445,7675,8148,8048,7931,8547,7843,10998,-9999,-9999,-9999,100,0,0,0,0,9,255,255,255,567,2023-01-27,20230127T104219_20230127T104218_T32UNE,0,1674816355712
218,,90,8329,3970,3529,8111,8031,8248,7863,8004,8178,8560,8294,3326,-9999,-9999,-9999,100,0,0,0,0,9,255,255,255,-9999,2023-01-29,20230129T103301_20230129T103300_T32UNE,0,1674988559498
219,,108,0,1764,1692,1799,1908,1913,2299,2662,2697,2679,2726,0,-9999,-9999,-9999,25,0,0,0,0,8,183,195,195,897,2023-02-01,20230201T104251_20230201T104404_T32UNE,0,1675248356461
220,,96,4218,4074,3194,4233,4140,4202,4695,5085,5165,5518,5268,8259,-9999,-9999,-9999,100,0,0,0,0,9,255,255,255,778,2023-02-03,20230203T103139_20230203T103135_T32UNE,0,1675420558402
221,,72,219,1324,700,350,655,523,1328,2979,3251,3547,3447,3082,-9999,-9999,-9999,1,0,0,0,0,4,36,68,54,641,2023-02-08,20230208T103211_20230208T103205_T32UNE,0,1675852556040
222,,84,6589,4634,3333,6432,6217,6148,5979,6068,6237,6628,6176,2474,-9999,-9999,-9999,100,0,0,0,0,9,255,255,255,-9999,2023-02-13,20230213T103039_20230213T103136_T32UNE,0,1676284559974
223,,72,13535,4407,3821,14040,14408,14640,14719,14751,14777,14808,14825,14958,-9999,-9999,-9999,65,0,0,0,0,8,255,255,255,594,2023-02-18,20230218T103101_20230218T103446_T32UNE,0,1676716558349
224,,570,4268,3271,2432,4234,4142,4155,4253,4472,4813,4394,4828,952,-9999,-9999,-9999,100,0,0,0,0,9,255,255,255,-9999,2023-02-23,20230223T102929_20230223T103431_T32UNE,0,1677148561645
225,,60,184,1582,847,318,616,511,1228,2858,3127,3413,3317,2894,-9999,-9999,-9999,0,0,0,0,0,4,33,63,53,564,2023-02-28,20230228T102951_20230228T103335_T32UNE,0,1677580558952
226,,84,3055,2499,1977,2778,2596,2474,2777,3118,3192,3496,3245,4929,-9999,-9999,-9999,65,0,0,0,0,8,255,250,244,669,2023-03-05,20230305T102829_20230305T102824_T32UNE,0,1678012564089
227,,102,6799,2423,2426,6459,6467,6549,6261,6268,6291,6682,6309,3494,-9999,-9999,-9999,65,0,0,0,0,8,255,255,255,-9999,2023-03-10,20230310T102841_20230310T103224_T32UNE,0,1678444556525
228,,84,8327,5396,4516,6462,6560,7136,7961,8224,8508,6823,8805,11703,-9999,-9999,-9999,100,0,0,0,0,9,255,255,255,1147,2023-03-13,20230313T103821_20230313T103930_T32UNE,0,1678704354415
229,,186,10590,3681,3356,9543,8534,8069,8275,7980,7796,8032,7536,12537,-9999,-9999,-9999,100,0,0,0,0,9,255,255,255,653,2023-03-15,20230315T102719_20230315T102714_T32UNE,0,1678876565741
230,,138,10525,3010,2474,9971,9858,10029,9718,9851,10071,10182,10140,3188,-9999,-9999,-9999,50,0,0,0,0,8,255,255,255,-9999,2023-03-20,20230320T102731_20230320T102959_T32UNE,0,1679308559853
231,,96,5698,2682,2841,5723,5397,5236,5650,5614,5531,5962,5408,14626,-9999,-9999,-9999,100,0,0,0,0,9,255,255,255,1133,2023-03-25,20230325T102649_20230325T103232_T32UNE,0,1679740564106
232,,138,11228,4322,4320,9603,8803,8430,8844,8311,8019,7935,7759,15619,-9999,-9999,-9999,100,0,0,0,0,9,255,255,255,1382,2023-03-30,20230330T102621_20230330T102713_T32UNE,0,1680172559523
233,,198,2001,1522,1117,1882,1893,1651,2083,3536,3917,4207,3996,4143,-9999,-9999,-9999,20,0,0,0,0,8,192,193,169,418,2023-04-04,20230404T102559_20230404T103343_T32UNE,0,1680604564738
234,,330,10112,4717,3625,8703,7511,6829,6957,6521,6317,6646,6063,6619,-9999,-9999,-9999,100,0,0,0,0,9,255,255,255,1078,2023-04-09,20230409T102601_20230409T102739_T32UNE,0,1681036561639
235,,228,8467,1860,2012,7667,6860,6329,6578,6501,6412,6686,6200,12354,-9999,-9999,-9999,65,0,0,0,0,8,255,255,255,915,2023-04-14,20230414T102559_20230414T103347_T32UNE,0,1681468562192
236,,60,6046,4415,3534,5901,5458,5180,5341,5413,5354,6255,5271,8322,-9999,-9999,-9999,100,0,0,0,0,9,255,255,255,466,2023-04-19,20230419T102601_20230419T102557_T32UNE,0,1681900560250
237,,162,4233,4716,4189,4596,4435,4256,4742,5545,5896,6402,5946,8472,-9999,-9999,-9999,100,0,0,0,0,9,255,255,255,1172,2023-04-24,20230424T102559_20230424T103410_T32UNE,0,1682332563504
238,,84,255,1172,499,313,627,381,1056,3892,4723,4901,4842,4446,-9999,-9999,-9999,0,0,0,0,0,4,33,64,39,1434,2023-04-29,20230429T102601_20230429T103211_T32UNE,0,1682764561781
239,,126,971,1565,1016,1075,1436,1231,1819,3882,4701,4930,4844,4653,-9999,-9999,-9999,13,0,0,0,0,10,110,147,126,986,2023-05-04,20230504T102559_20230504T103458_T32UNE,0,1683196564061
240,,66,399,1613,898,635,1485,1278,1968,4257,5053,5215,5177,4334,-9999,-9999,-9999,14,0,0,0,0,10,65,152,131,1068,2023-05-09,20230509T102601_20230509T102714_T32UNE,0,1683628561135
241,,94,-9999,1429,769,196,1469,1246,2041,4595,5325,4635,5349,0,-9999,-9999,-9999,6,0,0,0,0,4,43,150,128,2168,2023-05-12,20230512T103621_20230512T104038_T32UNE,0,1683888357355
242,,300,2544,2888,2064,2288,2612,2396,2990,4483,5078,5341,5177,7131,-9999,-9999,-9999,28,0,0,0,0,8,232,253,241,1366,2023-05-14,20230514T102559_20230514T103459_T32UNE,0,1684060565112
243,,108,309,1223,602,436,936,697,1456,4301,5184,5448,5387,5234,-9999,-9999,-9999,1,0,0,0,0,4,45,96,71,1308,2023-05-19,20230519T102601_20230519T102601_T32UNE,0,1684492563669
244,,234,3410,3367,3027,3394,3339,3142,3626,4843,5419,5558,5457,6579,-9999,-9999,-9999,100,0,0,0,0,9,255,255,255,1274,2023-05-24,20230524T102609_20230524T103442_T32UNE,0,1684924566391
245,,84,266,979,446,364,703,370,1290,4357,5233,5460,5371,5346,-9999,-9999,-9999,0,0,0,0,0,4,38,72,38,1293,2023-05-29,20230529T102601_20230529T102602_T32UNE,0,1685356565295
246,,78,887,939,480,1040,986,695,992,2072,2417,2977,2353,2556,-9999,-9999,-9999,4,0,0,0,0,3,107,101,71,1094,2023-06-03,20230603T102559_20230603T103434_T32UNE,0,1685788565568
247,,174,274,967,417,407,869,407,1547,4499,5254,5374,5361,5320,-9999,-9999,-9999,0,0,0,0,0,4,42,89,42,1805,2023-06-08,20230608T102601_20230608T103445_T32UNE,0,1686220565111
248,,90,384,1006,474,536,978,508,1582,4175,4923,5140,5069,4911,-9999,-9999,-9999,0,0,0,0,0,4,55,100,53,1415,2023-06-13,20230613T102609_20230613T103453_T32UNE,0,1686652566559
249,,204,506,1141,534,590,1083,609,1808,4212,4847,4898,5065,4863,-9999,-9999,-9999,1,0,0,0,0,4,61,111,63,2351,2023-06-18,20230618T102601_20230618T102603_T32UNE,0,1687084565659
250,,234,5249,2370,2136,5065,5068,5075,5064,5477,5893,5930,5975,2566,-9999,-9999,-9999,100,0,0,0,0,9,255,255,255,-9999,2023-06-23,20230623T102559_20230623T103311_T32UNE,0,1687516565457
251,,216,258,182,87,237,320,160,405,738,863,876,944,548,-9999,-9999,-9999,0,0,0,0,0,3,25,33,17,1757,2023-06-28,20230628T102601_20230628T103058_T32UNE,0,1687948565512
252,,198,8047,5380,4587,7623,6988,6611,6983,7021,7205,7511,7213,11308,-9999,-9999,-9999,100,0,0,0,0,9,255,255,255,1660,2023-07-03,20230703T102609_20230703T103502_T32UNE,0,1688380566875
253,,96,376,1508,830,570,1038,1060,1823,2319,2577,2839,2994,3153,-9999,-9999,-9999,4,0,0,0,0,5,58,106,108,1269,2023-07-08,20230708T102601_20230708T103512_T32UNE,0,1688812566778
254,,258,22750,7109,5332,20846,19141,18124,17641,16965,16605,16432,16074,16245,-9999,-9999,-9999,100,0,0,0,0,9,255,255,255,1965,2023-07-13,20230713T102649_20230713T103541_T32UNE,0,1689244566139
255,,144,331,617,431,277,314,368,451,533,626,636,774,1031,-9999,-9999,-9999,0,0,0,0,0,3,29,33,38,1860,2023-07-18,20230718T102601_20230718T103522_T32UNE,0,1689676565885
256,,270,7263,1473,1476,7183,7122,7178,7020,7180,7479,7620,7438,3472,-9999,-9999,-9999,65,0,0,0,0,8,255,255,255,-9999,2023-07-23,20230723T102609_20230723T103436_T32UNE,0,1690108567510
257,,222,5271,5650,4991,5262,5278,5322,5848,6126,6248,6438,6315,9428,-9999,-9999,-9999,100,0,0,0,0,9,255,255,255,2377,2023-07-28,20230728T102601_20230728T102604_T32UNE,0,1690540566693
258,,240,2584,1851,1425,2720,2686,2636,2683,3253,3656,3775,3813,1334,-9999,-9999,-9999,99,0,0,0,0,9,255,255,255,-9999,2023-08-02,20230802T102609_20230802T103442_T32UNE,0,1690972566344
259,,150,16749,6235,4276,15859,14164,13338,13887,12833,12363,13194,12031,15783,-9999,-9999,-9999,100,0,0,0,0,9,255,255,255,1606,2023-08-07,20230807T102601_20230807T102628_T32UNE,0,1691404566113
260,,396,7042,3484,2167,7711,7456,7194,7408,7243,7296,7745,7082,9876,-9999,-9999,-9999,100,0,0,0,0,9,255,255,255,1439,2023-08-12,20230812T102609_20230812T102850_T32UNE,0,1691836567106
261,,138,9141,4504,3379,8992,8575,8484,8921,8802,8765,9030,8661,13456,-9999,-9999,-9999,100,0,0,0,0,9,255,255,255,977,2023-08-17,20230817T103031_20230817T103029_T32UNE,0,1692268567396
262,,126,315,1715,1419,507,678,891,1089,1323,1508,1446,1644,1803,-9999,-9999,-9999,0,0,0,0,0,5,52,70,91,1765,2023-08-22,20230822T102609_20230822T103048_T32UNE,0,1692700566065
263,,450,4998,2371,2572,4713,4676,4545,5180,5359,5349,5665,5297,14875,-9999,-9999,-9999,100,0,0,0,0,9,255,255,255,1990,2023-08-27,20230827T102601_20230827T103331_T32UNE,0,1693132567337
264,,180,1353,3496,2704,1417,1591,1822,2217,2734,3049,3199,3263,3687,0,0,0,0,0,-9999,-9999,0,5,145,162,186,1952,2023-09-01,20230901T102609_20230901T103356_T32UNE,0,1693564566296
265,,59,499,3182,2574,831,1138,1434,1813,2180,2379,2447,2622,3021,0,0,0,0,0,-9999,-9999,0,5,86,116,147,2070,2023-09-06,20230906T102601_20230906T103335_T32UNE,0,1693996566857
266,,138,378,2795,2554,748,1011,1282,1546,1874,2135,2187,2321,2858,-9999,-9999,-9999,0,0,0,0,0,5,77,104,131,2055,2023-09-11,20230911T102609_20230911T103328_T32UNE,0,1694428565171
267,,90,1801,3226,3046,1611,1768,1836,2310,3000,3314,3184,3524,5669,-9999,-9999,-9999,6,0,0,0,0,8,165,181,187,1935,2023-09-16,20230916T102651_20230916T103416_T32UNE,0,1694860565192
268,,72,383,2949,2677,771,1013,1332,1594,1830,2070,2108,2245,2773,-9999,-9999,-9999,0,0,0,0,0,5,79,104,136,2259,2023-09-21,20230921T102649_20230921T102646_T32UNE,0,1695292565129
269,,120,1653,2382,2080,1637,1784,1844,2222,2765,2963,3120,3129,6298,-9999,-9999,-9999,65,0,0,0,0,8,167,182,188,1332,2023-09-26,20230926T102801_20230926T103133_T32UNE,0,1695724563771
270,,330,7749,5052,4131,7280,7253,7247,8336,8145,8035,7887,7797,14921,-9999,-9999,-9999,100,0,0,0,0,9,255,255,255,2749,2023-10-01,20231001T102739_20231001T103225_T32UNE,0,1696156563248
271,,359,5,775,537,290,401,555,716,778,871,887,907,1394,-9999,-9999,-9999,3,0,0,0,0,7,30,42,57,1332,2023-10-04,20231004T103809_20231004T103804_T32UNE,0,1696416358300
272,,210,7705,3801,2711,7387,7287,7340,6915,7115,7414,7362,7553,2103,-9999,-9999,-9999,100,0,0,0,0,9,255,255,255,-9999,2023-10-06,20231006T102911_20231006T103243_T32UNE,0,1696588562305
273,,54,5814,3484,2339,5716,5666,5727,6109,6149,6181,5940,6174,7474,-9999,-9999,-9999,100,0,0,0,0,9,255,255,255,1655,2023-10-09,20231009T103931_20231009T104045_T32UNE,0,1696848357397
274,,144,8295,5243,3855,8286,8195,8213,8567,8211,8277,7869,8020,8435,-9999,-9999,-9999,100,0,0,0,0,9,255,255,255,1586,2023-10-11,20231011T102849_20231011T103411_T32UNE,0,1697020563311
275,,72,7727,6213,5129,7200,7056,7023,7573,7806,7817,8066,7846,11836,-9999,-9999,-9999,100,0,0,0,0,9,255,255,255,1027,2023-10-16,20231016T103021_20231016T103354_T32UNE,0,1697452560473
276,,216,8650,3622,2410,8581,8483,8496,8795,8564,8634,8564,8425,8777,-9999,-9999,-9999,50,0,0,0,0,8,255,255,255,762,2023-10-21,20231021T102959_20231021T102954_T32UNE,0,1697884563326
277,,60,3820,3430,2713,3701,3663,3607,3876,4176,4274,4423,4374,3865,-9999,-9999,-9999,100,0,0,0,0,9,255,255,255,734,2023-10-26,20231026T103121_20231026T103455_T32UNE,0,1698316561500
278,,60,14723,5090,5658,14823,14715,14377,14923,14367,13764,14793,13064,14997,-9999,-9999,-9999,65,0,0,0,0,8,255,255,255,743,2023-10-31,20231031T103059_20231031T103059_T32UNE,0,1698748563842
279,,60,10007,3012,3015,9817,9730,9746,10528,10059,9771,9964,9551,14950,-9999,-9999,-9999,0,82,0,0,0,10,255,255,255,1486,2023-11-05,20231105T103221_20231105T103217_T32UNE,0,1699180556847
280,,102,4620,2289,1714,4270,3686,3444,3557,3453,3430,3575,3340,4492,-9999,-9999,-9999,100,0,0,0,0,9,255,255,255,1087,2023-11-10,20231110T103159_20231110T103153_T32UNE,0,1699612563200
281,,102,4287,3460,2765,3904,3676,3633,4013,4250,4268,4460,4351,5937,-9999,-9999,-9999,100,0,0,0,0,9,255,255,255,1085,2023-11-15,20231115T103311_20231115T103306_T32UNE,0,1700044560099
282,,84,1309,1099,815,1454,1280,1238,1327,1488,1601,1700,1611,1116,-9999,-9999,-9999,19,0,0,0,0,8,148,131,126,762,2023-11-20,20231120T103229_20231120T103232_T32UNE,0,1700476558402
283,,90,274,1354,768,331,473,465,898,1533,1734,1889,1875,2002,-9999,-9999,-9999,1,0,0,0,0,4,35,49,48,682,2023-11-25,20231125T103351_20231125T103345_T32UNE,0,1700908556049
284,,60,6275,3783,3539,5558,5140,5142,5510,5534,5484,5759,5500,9164,-9999,-9999,-9999,100,0,0,0,0,9,255,255,255,483,2023-11-28,20231128T104401_20231128T104509_T32UNE,0,1701168350478
285,,60,7947,1172,1226,8592,8409,8944,9546,9354,9136,9407,8955,9363,-9999,-9999,-9999,0,78,0,0,0,10,255,255,255,691,2023-11-30,20231130T103309_20231130T103308_T32UNE,0,1701340558447
286,,54,7064,4474,4393,7334,6834,7067,7351,7195,7089,7326,6996,6247,-9999,-9999,-9999,100,0,0,0,0,9,255,255,255,812,2023-12-03,20231203T104319_20231203T104321_T32UNE,0,1701600355017
287,,138,6950,2479,2413,6427,6289,6546,6948,6810,6741,6736,6676,10400,-9999,-9999,-9999,65,0,0,0,0,8,255,255,255,675,2023-12-05,20231205T103411_20231205T103413_T32UNE,0,1701772554828
288,,129,7497,2223,2383,6954,6703,6766,6723,6779,6813,7074,6780,4214,-9999,-9999,-9999,65,0,0,0,0,8,255,255,255,-9999,2023-12-08,20231208T104421_20231208T104431_T32UNE,0,1702032352227
289,,60,3873,995,620,3295,2464,2075,2034,1904,1879,1837,1739,1321,-9999,-9999,-9999,56,8,0,0,0,8,255,251,212,1155,2023-12-10,20231210T103329_20231210T103332_T32UNE,0,1702204557850
290,,60,6326,2290,2521,6570,5866,6010,6289,6194,6099,6455,6010,9916,-9999,-9999,-9999,65,0,0,0,0,8,255,255,255,449,2023-12-13,20231213T104339_20231213T104341_T32UNE,0,1702464355867
291,,84,7057,5320,4235,6774,6532,6860,6619,6827,7028,7357,7212,2382,-9999,-9999,-9999,100,0,0,0,0,9,255,255,255,-9999,2023-12-15,20231215T103431_20231215T103433_T32UNE,0,1702636557377
292,,130,6510,5564,4297,8085,7619,7749,7995,7675,7442,8209,7135,9533,-9999,-9999,-9999,100,0,0,0,0,9,255,255,255,928,2023-12-18,20231218T104441_20231218T104440_T32UNE,0,1702896354055
293,,96,2667,1704,1150,3444,3030,2933,3088,3069,3029,3162,2941,2283,-9999,-9999,-9999,85,0,0,0,0,9,244,236,236,668,2023-12-20,20231220T103349_20231220T103347_T32UNE,0,1703068562105
294,,60,737,1622,977,729,796,740,1166,1811,1948,2049,2126,2150,-9999,-9999,-9999,0,0,0,0,0,5,74,82,76,1033,2023-12-25,20231225T103441_20231225T103438_T32UNE,0,1703500558339
295,,54,2067,918,590,2105,1665,1493,1582,1554,1505,1606,1411,1846,-9999,-9999,-9999,29,0,0,0,0,8,212,170,152,1161,2023-12-30,20231230T103349_20231230T103344_T32UNE,0,1703932562655
296,,60,4723,2545,2356,4436,4107,4174,4446,4372,4299,4436,4310,5230,-9999,-9999,-9999,100,0,0,0,0,9,255,255,255,726,2024-01-04,20240104T103431_20240104T103427_T32UNE,0,1704364558020
297,,60,-9999,1439,1559,7411,7125,7654,8575,8654,8589,8867,8264,-9999,-9999,-9999,-9999,0,37,0,0,0,11,255,255,255,1034,2024-01-07,20240107T104431_20240107T104432_T32UNE,0,1704624353830
298,,60,4875,661,631,5416,5267,5551,6136,6301,6324,6468,6209,6150,-9999,-9999,-9999,0,100,0,0,0,11,254,254,254,840,2024-01-09,20240109T103329_20240109T103324_T32UNE,0,1704796560091
299,,102,4836,3247,2610,4704,4503,4625,4740,4734,4734,5106,4666,5033,-9999,-9999,-9999,100,0,0,0,0,9,255,255,255,267,2024-01-12,20240112T104319_20240112T104318_T32UNE,0,1705056355862
300,,72,1606,2423,1663,1465,1503,1448,2015,2785,2970,3254,3195,3599,-9999,-9999,-9999,19,0,0,0,0,8,150,154,148,859,2024-01-14,20240114T103401_20240114T103359_T32UNE,0,1705228554871
301,,60,5081,2281,1997,4663,4341,4272,4686,4455,4283,4444,4192,12453,-9999,-9999,-9999,100,0,0,0,0,9,255,255,255,1224,2024-01-17,20240117T104351_20240117T104428_T32UNE,0,1705488349528
302,,90,11463,3067,3308,10795,9905,9878,10438,10070,9856,10134,9604,15522,-9999,-9999,-9999,65,0,0,0,0,8,255,255,255,868,2024-01-19,20240119T103249_20240119T103252_T32UNE,0,1705660560797
303,,54,7409,1634,2082,6476,5888,5852,6039,5949,5921,5686,5812,8426,-9999,-9999,-9999,0,95,0,0,0,8,255,255,255,431,2024-01-22,20240122T104249_20240122T104244_T32UNE,0,1705920357196
304,,126,8965,4199,2641,8553,8301,8620,8977,8793,8686,9013,8662,9868,-9999,-9999,-9999,100,0,0,0,0,9,255,255,255,408,2024-01-24,20240124T103321_20240124T103322_T32UNE,0,1706092555150
305,,72,1033,1427,994,931,950,860,1157,1564,1645,1779,1749,2378,-9999,-9999,-9999,5,0,0,0,0,10,95,97,88,833,2024-01-27,20240127T104311_20240127T104428_T32UNE,0,1706352352550
306,,90,662,2102,1445,855,1026,1059,1566,2182,2391,2595,2559,3979,-9999,-9999,-9999,7,0,0,0,0,10,88,105,108,837,2024-01-29,20240129T103209_20240129T103204_T32UNE,0,1706524559378
307,,96,221,1326,793,459,582,556,898,1320,1415,1713,1500,1453,-9999,-9999,-9999,2,0,0,0,0,7,48,60,57,883,2024-02-01,20240201T104159_20240201T104520_T32UNE,0,1706784354707
308,,66,5599,4363,3368,5153,5113,5192,5637,5535,5416,5545,5369,10231,-9999,-9999,-9999,100,0,0,0,0,9,255,255,255,936,2024-02-03,20240203T103231_20240203T103234_T32UNE,0,1706956557323
309,,156,7573,3796,2791,7289,7233,7213,6859,7003,7164,7356,7220,2143,-9999,-9999,-9999,100,0,0,0,0,9,255,255,255,-9999,2024-02-06,20240206T104221_20240206T104338_T32UNE,0,1707216353834
310,,60,3115,1845,1666,3276,3300,3271,3233,3481,3624,4022,3681,2086,-9999,-9999,-9999,100,0,0,0,0,9,255,255,255,-9999,2024-02-08,20240208T103109_20240208T103112_T32UNE,0,1707388561353
311,,210,2399,2441,1874,2442,2426,2388,2690,2888,2874,3284,2923,4422,0,0,0,66,0,-9999,-9999,0,8,246,243,239,942,2024-02-13,20240213T103141_20240213T103135_T32UNE,0,1707820556553
312,,514,2386,2823,2454,2926,3087,3011,3376,3389,3357,4036,3354,8031,1,0,0,100,0,-9999,-9999,2048,9,255,255,255,971,2024-02-16,20240216T104121_20240216T104236_T32UNE,0,1708080355812
313,,144,6800,2136,2150,6691,6532,6508,6342,6416,6604,6857,6541,3327,0,1,0,65,0,-9999,-9999,1024,8,255,255,255,-9999,2024-02-18,20240218T102959_20240218T103500_T32UNE,0,1708252562532
314,,54,7053,3240,1803,8030,6910,6140,6123,5718,5357,7157,5072,7380,0,1,0,100,0,-9999,-9999,1024,9,255,255,255,606,2024-02-23,20240223T103031_20240223T103030_T32UNE,0,1708684559589
315,,156,5305,4464,3956,5456,5050,4919,5131,5119,5129,5312,5052,5902,0,1,0,100,0,-9999,-9999,1024,9,255,255,255,845,2024-02-28,20240228T102859_20240228T103509_T32UNE,0,1709116559962
316,,234,316,2034,1286,456,752,724,1280,2008,2199,2281,2337,2472,0,0,0,0,0,-9999,-9999,0,5,47,77,74,1200,2024-03-04,20240304T102921_20240304T102921_T32UNE,0,1709548561996
317,,108,318,2015,1366,520,749,757,1228,1841,2045,2241,2207,2346,0,0,0,0,0,-9999,-9999,0,4,54,77,78,613,2024-03-09,20240309T102749_20240309T103240_T32UNE,0,1709980556633
318,,162,7361,6153,5410,7675,7467,7429,7814,7586,7427,7775,7310,11703,0,1,0,100,0,-9999,-9999,1024,9,255,255,255,927,2024-03-12,20240312T103729_20240312T103727_T32UNE,0,1710240354681
319,,324,5083,4898,4224,4934,4881,4882,5329,5507,5543,5650,5596,7891,0,1,0,100,0,-9999,-9999,1024,9,255,255,255,1153,2024-03-14,20240314T102811_20240314T102808_T32UNE,0,1710412561215
320,,210,3185,2720,2318,3595,3380,3163,3476,3703,3771,4358,3807,7304,0,1,0,100,0,-9999,-9999,1024,9,255,255,255,1230,2024-03-19,20240319T102639_20240319T103221_T32UNE,0,1710844561077
321,,96,10393,5837,4128,9743,9397,9378,9750,9411,9175,9733,9059,12671,0,1,0,100,0,-9999,-9999,1024,9,255,255,255,831,2024-03-24,20240324T102701_20240324T102658_T32UNE,0,1711276562646
322,,72,9394,3658,2814,8936,8331,8286,7756,7792,8036,8303,7979,3203,0,1,0,100,0,-9999,-9999,1024,9,255,255,255,-9999,2024-03-29,20240329T102629_20240329T103227_T32UNE,0,1711708561338
323,,168,6538,3090,3429,6152,5991,5918,6657,6623,6536,6903,6444,14901,0,1,0,100,0,-9999,-9999,1024,9,255,255,255,1865,2024-04-03,20240403T103021_20240403T103021_T32UNE,0,1712140559129
324,,144,24,1525,847,169,443,367,826,1855,2156,2220,2330,2652,0,0,0,0,0,-9999,-9999,0,4,18,46,38,1762,2024-04-06,20240406T103621_20240406T104427_T32UNE,0,1712400356032
325,,234,2397,2268,1722,2533,2526,2404,2524,3214,3636,3749,3751,1475,1,0,0,75,0,-9999,-9999,2048,8,255,255,245,-9999,2024-04-08,20240408T102559_20240408T103056_T32UNE,0,1712572560745
326,,264,1655,1742,1239,1693,1777,1649,1841,2804,3227,3354,3410,1281,1,0,0,65,0,-9999,-9999,2048,8,173,182,169,-9999,2024-04-13,20240413T103031_20240413T103025_T32UNE,0,1713004563273
327,,120,1601,3046,2315,2434,2361,2024,2526,3962,4541,5092,4764,5985,0,1,0,35,0,-9999,-9999,1024,8,188,192,174,825,2024-04-18,20240418T102559_20240418T103257_T32UNE,0,1713436562534
328,,240,6949,4392,3870,6435,5730,5338,5510,5591,5558,6117,5459,8777,0,1,0,100,0,-9999,-9999,1024,9,255,255,255,620,2024-04-23,20240423T102601_20240423T102742_T32UNE,0,1713868564322
329,,138,5881,4973,4669,5685,5235,4909,5661,6231,6409,6684,6451,13924,0,1,0,100,0,-9999,-9999,1024,9,255,255,255,1433,2024-04-28,20240428T102559_20240428T103433_T32UNE,0,1714300560840
330,,228,256,1404,726,258,408,305,705,2241,3029,3188,3231,3688,0,0,0,0,0,-9999,-9999,0,3,27,42,32,2186,2024-05-03,20240503T103031_20240503T103254_T32UNE,0,1714732564337
331,,60,168,1174,581,213,339,221,547,2077,2983,3150,3154,3495,0,0,0,0,0,-9999,-9999,0,4,23,35,23,1133,2024-05-08,20240508T102559_20240508T103435_T32UNE,0,1715164562310
332,,72,242,1281,639,250,391,276,629,2389,3419,3566,3630,3882,0,0,0,0,0,-9999,-9999,0,4,26,40,29,1516,2024-05-13,20240513T103031_20240513T103027_T32UNE,0,1715596564596
333,,96,224,1321,677,290,405,291,612,2426,3737,3922,3963,4169,0,0,0,0,0,-9999,-9999,0,4,30,42,30,1465,2024-05-18,20240518T102559_20240518T103212_T32UNE,0,1716028559967
334,,102,20,1319,645,272,487,334,687,2684,4109,4240,4303,3166,0,0,0,0,0,-9999,-9999,0,4,40,50,35,2171,2024-05-21,20240521T103619_20240521T103629_T32UNE,0,1716288357321
335,,264,10206,4474,3223,10621,9506,8840,9101,8514,8187,9047,7927,11074,0,1,0,100,0,-9999,-9999,1024,9,255,255,255,1656,2024-05-23,20240523T103021_20240523T103250_T32UNE,0,1716460560331
336,,108,0,350,142,0,49,2,161,1116,1702,1660,1692,1598,0,0,0,0,0,-9999,-9999,0,3,-9999,6,2,2218,2024-05-26,20240526T104021_20240526T104021_T32UNE,0,1716720358454
337,,90,8343,2577,2812,8207,7877,7755,8212,7957,7861,8165,7639,14957,0,1,0,65,0,-9999,-9999,1024,8,255,255,255,1687,2024-05-28,20240528T102559_20240528T103434_T32UNE,0,1716892561326
338,,180,7456,6432,5449,7176,7069,7178,7800,7846,7958,7923,7987,10455,0,1,0,100,0,-9999,-9999,1024,9,255,255,255,2352,2024-06-02,20240602T102601_20240602T103051_T32UNE,0,1717324565573
339,,246,12906,6493,5010,12148,10903,10238,10671,9979,9671,10298,9278,16157,0,1,0,100,0,-9999,-9999,1024,9,255,255,255,1340,2024-06-07,20240607T102559_20240607T103136_T32UNE,0,1717756564349
340,,246,11881,3547,2473,10139,9281,8896,9158,8523,8210,8271,7859,12643,0,1,0,50,0,-9999,-9999,1024,8,255,255,255,1289,2024-06-12,20240612T103031_20240612T103030_T32UNE,0,1718188567623
341,,210,8154,4571,3821,5995,5963,6100,6723,6607,6600,5743,6457,13020,0,1,0,100,0,-9999,-9999,1024,9,255,255,255,2086,2024-06-17,20240617T102559_20240617T102601_T32UNE,0,1718620564195
342,,216,239,1425,657,317,587,352,938,3310,4581,4748,4866,5078,0,0,0,0,0,-9999,-9999,0,4,33,60,37,1638,2024-06-22,20240622T102601_20240622T103421_T32UNE,0,1719052566087
343,,283,394,1660,915,466,747,560,1195,3001,4035,4054,4337,4226,0,0,0,1,0,-9999,-9999,0,4,48,77,58,3357,2024-06-27,20240627T102559_20240627T103449_T32UNE,0,1719484565197
344,,96,4844,3335,2860,4967,4905,4826,5256,5658,5836,5999,5961,7568,0,1,0,100,0,-9999,-9999,1024,9,255,255,255,1814,2024-07-02,20240702T102601_20240702T103203_T32UNE,0,1719916564972
345,,90,602,1777,1079,732,1025,1021,1684,2618,3074,3340,3447,3647,0,0,0,7,0,-9999,-9999,0,4,75,105,104,1503,2024-07-07,20240707T102559_20240707T102601_T32UNE,0,1720348564551
346,,312,14336,3878,3883,12929,11202,10213,10554,9262,8538,9053,8042,16767,0,1,0,100,0,-9999,-9999,1024,9,255,255,255,2735,2024-07-12,20240712T102601_20240712T102601_T32UNE,0,1720780564160
347,,144,326,1989,1268,519,797,1098,1504,1880,2127,2369,2528,3084,0,0,0,0,0,-9999,-9999,0,5,54,82,113,1710,2024-07-15,20240715T104021_20240715T104131_T32UNE,0,1721040359688
348,,66,4305,3887,3797,3621,3602,3592,4159,4598,4830,4676,4886,10607,0,0,0,100,0,-9999,-9999,0,9,255,255,255,2584,2024-07-17,20240717T102559_20240717T103437_T32UNE,0,1721212564788
349,,90,7177,4730,3544,6455,5969,5799,6182,6175,6195,6384,6207,9407,0,1,0,100,0,-9999,-9999,1024,9,255,255,255,1665,2024-07-22,20240722T103031_20240722T103025_T32UNE,0,1721644563267
350,,184,0,2004,1328,446,673,942,1194,1405,1532,1581,1746,0,0,0,0,0,0,-9999,-9999,0,5,46,69,96,1751,2024-07-25,20240725T104021_20240725T104215_T32UNE,0,1721904360302
351,,342,13338,7560,6334,13209,12254,11711,12473,11762,11432,11744,11006,16670,0,1,0,100,0,-9999,-9999,1024,9,255,255,255,1889,2024-07-27,20240727T102559_20240727T103439_T32UNE,0,1722076563799
352,,66,357,4252,2833,857,1264,1897,2291,2673,3007,3249,3446,3627,0,0,0,0,0,-9999,-9999,0,5,88,129,193,2085,2024-07-30,20240730T103629_20240730T104209_T32UNE,0,1722336359162
353,,115,484,3336,2586,846,1192,1637,1967,2296,2540,2703,2829,3182,0,0,0,0,0,-9999,-9999,0,5,86,122,167,1495,2024-08-01,20240801T103031_20240801T103026_T32UNE,0,1722508564028
354,,188,1606,4096,2722,6188,6030,6041,6393,6465,6480,6790,6523,1925,0,0,0,50,0,-9999,-9999,0,9,255,255,255,1546,2024-08-04,20240804T104021_20240804T104022_T32UNE,0,1722768360171
355,,102,389,3334,2720,844,1180,1629,1944,2174,2438,2499,2681,2999,0,0,0,0,0,-9999,-9999,0,5,87,121,166,2539,2024-08-06,20240806T102559_20240806T103144_T32UNE,0,1722940564368
356,,90,467,775,628,377,419,495,614,778,887,711,929,1513,1,0,0,0,0,-9999,-9999,2048,10,39,44,51,1848,2024-08-11,20240811T103031_20240811T103029_T32UNE,0,1723372562968
357,,132,6708,4103,3289,6878,6804,6840,6902,6824,7144,6936,7088,5706,0,1,0,100,0,-9999,-9999,1024,9,255,255,255,1294,2024-08-16,20240816T102559_20240816T103252_T32UNE,0,1723804564684
358,,198,226,783,516,311,380,481,582,677,743,798,810,1318,0,0,0,0,0,-9999,-9999,0,3,32,39,50,1477,2024-08-21,20240821T103021_20240821T103456_T32UNE,0,1724236559561
359,,138,6118,5151,4087,5500,5429,5413,6039,6210,6138,6142,5998,12842,0,1,0,100,0,-9999,-9999,1024,9,255,255,255,3331,2024-08-24,20240824T104021_20240824T104047_T32UNE,0,1724496355561
360,,156,371,3046,2610,775,1048,1397,1694,2027,2283,2398,2495,2954,0,0,0,0,0,-9999,-9999,0,5,80,108,143,1459,2024-08-26,20240826T102559_20240826T103507_T32UNE,0,1724668562648
361,,90,435,2901,2401,712,1017,1293,1627,2069,2283,2462,2498,2938,0,0,0,0,0,-9999,-9999,0,5,73,104,132,910,2024-08-31,20240831T103021_20240831T103023_T32UNE,0,1725100560677
362,,102,367,2821,2242,690,991,1140,1579,2229,2492,2600,2693,3096,0,0,0,0,0,-9999,-9999,0,5,71,101,116,1580,2024-09-05,20240905T102559_20240905T103408_T32UNE,0,1725532564028
363,,162,2329,2854,2759,2358,2276,2186,2531,2957,3099,3280,3211,4465,0,0,0,62,0,-9999,-9999,0,8,239,231,223,1947,2024-09-10,20240910T103021_20240910T103021_T32UNE,0,1725964560304
364,,54,4893,3269,2990,4639,4561,4427,4872,5228,5293,5593,5293,10252,0,1,0,100,0,-9999,-9999,1024,9,255,255,255,1218,2024-09-13,20240913T103631_20240913T103837_T32UNE,0,1726224355924
365,,120,3091,2655,1949,1955,2080,1794,2450,3613,3908,4138,3975,5755,1,0,0,32,0,-9999,-9999,2048,8,187,203,180,1632,2024-09-15,20240915T102559_20240915T102803_T32UNE,0,1726396560362
366,,144,344,2186,1170,475,893,566,1483,3544,3907,4002,4044,3946,0,0,0,0,0,-9999,-9999,0,4,49,92,58,1483,2024-09-20,20240920T102721_20240920T102722_T32UNE,0,1726828562584
367,,330,7770,3312,2531,7405,7339,7484,7644,7769,8047,7923,8006,3266,0,1,0,0,78,-9999,-9999,1024,10,255,255,255,-9999,2024-09-25,20240925T102659_20240925T103542_T32UNE,0,1727260560431
368,,66,153,1769,822,275,722,341,1329,3755,4113,4308,4249,4062,0,0,0,0,0,-9999,-9999,0,4,29,74,35,1050,2024-09-30,20240930T102831_20240930T103454_T32UNE,0,1727692563598
369,,66,4284,2686,2103,3762,3397,3096,3346,3681,3775,3959,3738,4805,0,1,0,99,0,-9999,-9999,1024,9,255,255,255,1030,2024-10-05,20241005T102809_20241005T102812_T32UNE,0,1728124562225
370,,144,7729,2017,2684,6795,6507,6433,7193,6900,6726,6525,6652,14980,0,1,0,8,82,-9999,-9999,1024,10,255,255,255,2000,2024-10-10,20241010T102941_20241010T103402_T32UNE,0,1728556558743
371,,101,1233,1628,1142,1581,1454,1217,1606,2538,2707,3077,2775,3493,0,0,0,15,0,-9999,-9999,0,8,161,149,125,1315,2024-10-13,20241013T104001_20241013T104111_T32UNE,0,1728816356622
372,,66,96,1659,746,283,651,305,1244,3842,4288,4537,4403,4184,0,0,0,0,0,-9999,-9999,0,4,29,67,32,972,2024-10-15,20241015T102919_20241015T102920_T32UNE,0,1728988561235
373,,72,1755,1677,1223,1809,1973,1799,2103,3349,3714,3995,3932,1321,1,0,0,65,0,-9999,-9999,2048,8,184,202,184,-9999,2024-10-20,20241020T103051_20241020T103047_T32UNE,0,1729420561463
374,,78,154,1647,750,312,633,318,1220,3691,4248,4225,4317,3960,0,0,0,0,0,-9999,-9999,0,4,33,65,33,2126,2024-10-25,20241025T103029_20241025T103449_T32UNE,0,1729852562291
375,,54,4328,2402,1723,3783,3558,3417,3710,3744,3735,3673,3699,5701,1,0,0,100,0,-9999,-9999,2048,9,255,255,255,1524,2024-10-30,20241030T103151_20241030T103149_T32UNE,0,1730284561962
376,,90,6540,4067,2570,6133,5811,5738,5413,5657,5987,6023,6066,1198,0,1,0,100,0,-9999,-9999,1024,9,255,255,255,-9999,2024-11-04,20241104T103119_20241104T103119_T32UNE,0,1730716558080
377,,246,7725,5139,3648,8598,7791,7643,7747,7558,7541,7753,7388,7349,0,1,0,100,0,-9999,-9999,1024,9,255,255,255,1125,2024-11-07,20241107T104139_20241107T104136_T32UNE,0,1730976350912
378,,426,9111,5197,3938,8821,8469,8420,8901,8535,8369,8445,8232,9327,0,1,0,100,0,-9999,-9999,1024,9,255,255,255,892,2024-11-09,20241109T103241_20241109T103240_T32UNE,0,1731148558960
379,,138,5676,3654,2803,5158,4839,4737,5132,5038,4935,5118,4878,8528,0,1,0,100,0,-9999,-9999,1024,9,255,255,255,891,2024-11-12,20241112T104301_20241112T104417_T32UNE,0,1731408356601
380,,84,7937,4834,3793,7676,7227,7131,7441,7307,7269,7577,7147,10152,0,1,0,100,0,-9999,-9999,1024,9,255,255,255,651,2024-11-14,20241114T103209_20241114T103209_T32UNE,0,1731580557372
381,,60,7,1698,861,220,606,311,1292,3813,4314,4576,4550,4428,0,0,0,0,0,-9999,-9999,0,4,24,62,33,1282,2024-11-17,20241117T104229_20241117T104228_T32UNE,0,1731840355769
382,,60,6384,2565,2896,5611,5315,5396,5976,5914,5818,5763,5720,13320,0,1,0,100,0,-9999,-9999,1024,9,255,255,255,999,2024-11-19,20241119T103331_20241119T103329_T32UNE,0,1732012561211
383,,156,11702,4497,4882,11509,11268,11528,12272,11981,11744,12294,11613,15065,0,1,0,100,0,-9999,-9999,1024,9,255,255,255,777,2024-11-22,20241122T104351_20241122T104435_T32UNE,0,1732272357158
384,,192,3105,2359,2010,3220,3219,3164,3357,4066,4379,4595,4549,2328,1,0,0,100,0,-9999,-9999,2048,9,255,255,255,-9999,2024-11-24,20241124T103259_20241124T103254_T32UNE,0,1732444562610
385,,90,295,1358,636,338,597,290,1141,3292,3630,3916,3873,3831,0,0,0,0,0,-9999,-9999,0,4,35,62,30,972,2024-11-29,20241129T103401_20241129T103404_T32UNE,0,1732876560264
386,,143,6569,2925,1655,6166,5592,5538,5766,5602,5497,5447,5370,5035,0,1,0,100,0,-9999,-9999,1024,9,255,255,255,1325,2024-12-02,20241202T104421_20241202T104437_T32UNE,0,1733136358084
387,,60,6902,2975,2105,6630,5872,5747,5748,5575,5459,5937,5319,4686,0,1,0,100,0,-9999,-9999,1024,9,255,255,255,440,2024-12-09,20241209T103431_20241209T103431_T32UNE,0,1733740562638
388,,60,7159,3552,2798,6893,6166,6049,6087,6002,5800,6234,5737,5360,0,1,0,100,0,-9999,-9999,1024,9,255,255,255,467,2024-12-09,20241209T103501_20241209T103459_T32UNE,0,1733740589972
389,,144,9066,4813,4241,8999,8446,8839,9439,9167,9165,9143,8997,14925,0,1,0,100,0,-9999,-9999,1024,9,255,255,255,1097,2024-12-14,20241214T103339_20241214T103342_T32UNE,0,1734172562760
390,,54,6668,3596,2543,5985,5433,5502,5931,5649,5456,5446,5363,7709,0,1,0,100,0,-9999,-9999,1024,9,255,255,255,1431,2024-12-19,20241219T103441_20241219T103440_T32UNE,0,1734604560585
391,,72,1003,1487,1094,1074,1177,1062,1663,2675,2908,3077,3113,5214,1,0,0,65,0,-9999,-9999,2048,8,110,120,109,1230,2024-12-24,20241224T103349_20241224T103346_T32UNE,0,1735036563067
392,,102,6832,4515,2849,6372,5941,6292,5985,6208,6489,6471,6696,1122,0,1,0,100,0,-9999,-9999,1024,9,255,255,255,-9999,2024-12-29,20241229T103441_20241229T103439_T32UNE,0,1735468562441
